:020000041008E2
:100000000000082801D2081041DD081011DB08109B
:1000100045DD081049DD08104DDD08100000000026
:10002000000000000000000000000000BDDB081020
:1000300051DD08100000000055DD081059DD0810E2
:10004000CBCD0810F1CD081017CE08103DCE08100A
:1000500063CE081089CE0810AFCE0810D5CE081098
:100060005DDD081061DD081065DD081069DD081030
:100070006DDD081071DD081075DD081079DD0810E0
:10008000F0B4DFF8781800200860DFF8742800204A
:100090001060002043E05E23DFF86848DFF868580E
:1000A0002D685D432544DFF864683668361A3544A8
:1000B00095F8BC50DFF8586846F82050DFF85458DF
:1000C0002D685D432544DFF850683668861935444D
:1000D00095F8BC50DFF8446846F82050DFF8F45833
:1000E0002D682D1A5D432544DFF8EC6836683544E9
:1000F00015F8025CDFF8E46846F82050DFF8E058B5
:100100002D682D1A03FB05F32344DFF8D848246833
:1001100023449B78DFF8144944F82030401C03281E
:10012000B9DB032046E05E23DFF8D847DFF8D85775
:100130002D682D1D2D1A5D432544DFF8D0673668E4
:10014000354415F8025CDFF8C86746F82050DFF840
:10015000C4572D682D1D2D1A5D432544DFF8B8675F
:1001600036683544AD78DFF8B46746F82050DFF8DC
:1001700064582D685D432544DFF85C68366886194D
:10018000354415F8C05CDFF8546846F82050DFF8B5
:1001900050582D6803FB05F32344DFF848482468D2
:1001A000241D241A234413F8BC3CDFF8804844F88B
:1001B0002030401C0728B6DBDFF854375E20DFF81C
:1001C0004447DFF844572D6845432544DFF83C6732
:1001D0003668354415F8BD5CDD61DFF84057DFF85F
:1001E0003467366846432644DFF82C773F683E4440
:1001F00016F8BB6CEE61DFF8DC67366846432644D0
:10020000DFF8D4773F683E4416F85C6CDFF8CC77B3
:10021000FE61DFF8CC67366800FB06F02044DFF8AB
:10022000C4472468204410F8600CDFF80048E061FF
:1002300000240EE053F82400002802D10868401C76
:10024000086055F82400002802D11068401C106096
:10025000641C082CEEDBF0BC7047DFF88C070068EC
:10026000012804DADFF884070068002801D00020A4
:1002700007E0DFF8BC0700885B2801DA012000E016
:10028000002070472DE9F84FDFF87817DFF85007A6
:10029000006801EB80000469DFF84407006801EBA7
:1002A0008000876ADFF83807006801EB8000D0F82B
:1002B000408000E0641C5E25DFF84866DFF8200718
:1002C000006868433044204490F87801FF2801D149
:1002D0005D2CEFDBDFF808070068684330443844E2
:1002E00090F8AC03FF2805D15D2F03DA7F1CF1E7FE
:1002F00018F10108DFF8E80600686843304440441C
:1003000090F8E005FF2802D1B8F15D0FF0DBDFF8CF
:10031000C406006801EB8000D0F81090DFF8B40646
:10032000006801EB8000D0F828A0DFF8A80600687C
:1003300001EB8000D0F840B001E0B9F10109DFF82D
:100340009406006868433044484490F87801FF28D8
:1003500002D1B9F1020FF0DADFF8780600686843DD
:100360003044504490F8AC03FF2807D1BAF1020F93
:1003700004DBBAF1010AEFE7BBF1010BDFF8540629
:10038000006868433044584490F8E005FF2802D1E3
:10039000BBF1020FF0DADFF87405D0F800C0BCF151
:1003A000010C5FF0000EDFF870050268521C00239C
:1003B00003E0BCF1010C1EF1010EDFF84C050068F2
:1003C00068433044604490F85E00002805D1DFF8AF
:1003D0003C0500680B388445EBDADFF83805006827
:1003E00068433044104490F85E00002808D1DFF8DC
:1003F000280500680B30904202DB521C5B1CECE7C6
:10040000DFF8D4050068DFF8DC25126800E0401E44
:10041000DFF8C0351B686B433344034493F81A314B
:10042000FF2B01D10328F2DADFF8B4050068684336
:100430003044104490F81A01FF2803D15B2A01DAF6
:10044000521CF1E7DFF88C05006801EB8000826840
:100450000023DFF88C05006801EB800081685FF005
:10046000000C01E0521C5B1CDFF868050068684363
:100470003044104490F8BC00002801D15B2AF1DB25
:10048000DFF85C05006868433044084490F8BC001D
:10049000002805D1032903DB491E1CF1010CEFE7FD
:1004A000DFF8780A0068002858D0DFF8740A00687E
:1004B000002853D0DFF86C0A006800284ED0DFF81F
:1004C00018050168DFF8440400684118022091FB18
:1004D000F0F1DFF800050268DFF82C0400688218EC
:1004E000022092FBF0F06843304408448078FF28F3
:1004F00034D1BBEB0A00B0EB0A0019EB000000F0AE
:10050000E5FE03282ADAB8EB0700C01B201800F02C
:10051000DDFE032822DAB9F10B0F1FDB542C1DDAA4
:10052000DFF8E4030068DFF8AC140968884215DAE4
:10053000DFF8D8030068DFF8A0140968401A00F05B
:10054000C5FE05280ADADFF8C4030068DFF8941452
:100550000968401A00F0BAFE052861DBDFF8C80917
:100560000068002870D0DFF8BC09006800286BD054
:10057000DFF8AC090068002866D0DFF8680401687D
:10058000DFF8940300684118022091FBF0F1DFF8D6
:1005900050040268DFF87C0300688218022092FB96
:1005A000F0F005FB00F506EB0500084410F8020C1E
:1005B000FF2849D1BBEB0A0BBBEB0A0A19EB0A0A6D
:1005C000504600F083FE03283EDAB8EB0708B8EB8C
:1005D0000707E719380000F079FE032834DAB9F18B
:1005E0000B0F31DB542C2FDADFF828030068DFF81B
:1005F000F0130968884227DADFF81C432068DFF827
:10060000E4130968401A00F061FE05281CDA20682E
:10061000DFF8C4130968401A00F058FE052813DA01
:10062000DFF808090068153822280DD2DFF8000924
:100630000068002808D1DFF8B803006840F24D4197
:10064000884201D3012000E00020BDE8F28FF8B518
:10065000DFF8E0180868002807D1DFF89403006885
:10066000DFF8D4281060012008602120DFF8CC18C2
:1006700008601920DFF8C8180860DFF8B44820685F
:1006800001280FD1DFF8B018DFF864231368086879
:100690001B1ADFF8B0080068834203D302202060F1
:1006A00010680860DFF85C13D1F88C20D1F8B450E2
:1006B0002F2000E0521C934B03EB020696F8DA6CF5
:1006C000FF2E01D15C2AF5DB41F2860203EB050621
:1006D000B65CFF2E04D15C2D02DA6D1CF4E7401CE1
:1006E00041F2324503EB0006765DFF2E01D15C2816
:1006F000F5DBD1F88C70D1F8B4102F2600E07F1E06
:1007000003EB070C9CF8DACCBCF1FF0F01D1032FEF
:10071000F5DA03EB0107BF5CFF2F04D1032902DBED
:10072000491EF6E7761E03EB0601495DFF2901D15C
:10073000032EF7DA2F212F2200E0491C41F24C55FD
:1007400003EB01077F5DFF2F01D15C28F5DB03EB95
:100750000200405DFF2803D1032E01DB521EF6E7A5
:100760002068022838D1DFF8C43ADFF8CC67A04D02
:100770002F6830683F1A186810F54860874225D204
:10078000DFF898773868002806D03868002823D02A
:100790005D48006828281FDADFF88C773868002861
:1007A00006D03868002817D05A480068282813DA7D
:1007B0002F6830683F1A186810F5486087420BD3DD
:1007C000891A080000F082FD3C2805DB0320206028
:1007D0002868DFF85C1A08602068032817D1DFF862
:1007E00058070168DFF8480A0068091A00290ED482
:1007F000DFF8400ADFF8401A01617E48DFF83C1A52
:100800008162DFF83C1AC16200207D490860F1BDB9
:1008100038B5764D2868022805D185480088C92852
:1008200001DB00202860764C206800283AD1FFF7D1
:1008300029FD002819D00220DFF8181A08600120CD
:10084000DFF8EC1608606A480068DFF8F8190860FD
:1008500001202060DFF8DC0900210161DFF8E809F0
:10086000DFF8E819096801601CE0FFF7F6FC0028D2
:1008700014D00320DFF8DC190860012028605A48F2
:100880000168491C016001202060DFF8C4090021D3
:100890004160574800685849086003E00020DFF8CD
:1008A000B419086031BD000080B5DFF8A809006800
:1008B000002804D002281FD1FFF7C9FE1CE0312018
:1008C000DFF8941908602120DFF870160860DFF85F
:1008D0008C090168DFF8880990ED000AB7EEC00ABC
:1008E0009FED492B20EE020BBDEEC00B10EE100A5F
:1008F000091ADFF84C06016001BD00002CAD032889
:1009000030AD03281C870328F8AC0328F4AC032877
:1009100020AB032800AD0328FCAC032840AB032820
:1009200010B4002100229FED3A0A05230FE0354C58
:10093000DFF808060068C01A54F820004118DFF8F4
:1009400000060068C01A54F8200082185B1E012BB4
:10095000EDDADFF804099FED2F0B01EE101AB8EE67
:10096000C11B21EE001B02EE102AB8EEC22B02EED4
:10097000001B90ED000AB8EEC00B31EE400BB7EE55
:10098000C00BDFED260AB4EE600AF1EE10FA01DBCF
:100990009FED1A0ADFED220AB4EE600AF1EE10FABA
:1009A00000EE101AB8EEC00B9FED1E2B20EE020BCE
:1009B00001EE102AB8EEC11B9FED1E3B01EE030BAA
:1009C00090ED001AB8EEC11B30EE410BB7EEC00B34
:1009D00010BC7047E8AC0328E4AC032860AB0328E4
:1009E000F0AC0328ECAC032848AD032854AD032831
:1009F0004CAD032860A9032844AD032800004842F9
:100A000034AD0328D4A60328FA7E6ABC7493683FE9
:100A1000000000009A9999999999B93F01004842BC
:100A2000000048C2000000000000000080AB032866
:100A3000C4C002289A9999999999C93F2DE9F84F0C
:100A40005FF0000ADFF81C182F20C1F8DC00DFF887
:100A500018485E202060DFF8145800202860DFF876
:100A6000BC6400203060DFF8C07400203860DFF81C
:100A7000B0840020C8F80000DFF8A8940020C9F86E
:100A80000000372226E054F82200012802DA002074
:100A900044F8220054F822005E2802DB5E2044F86D
:100AA000220055F82200012802DA002045F8220031
:100AB00055F822005E2802DB5E2045F8220054F83B
:100AC000223055F82200C318022093FBF0F041F8C1
:100AD0002200521E022AC0F2DD80372A08D1D1F846
:100AE000DC0044F82200D1F8DC0045F82200D9E00F
:100AF000DFF87C375FF05E0C0CFB02F0184401EB72
:100B0000820EDEF804E010F80E00FF280AD101EB97
:100B10008200406844F8220001EB8200406845F8FA
:100B20002200BFE09FED7C0B9FED7D1B01EB82005F
:100B3000D0F804E0B2F1140002EE100AB8EEC22BB5
:100B4000B0EE403B02EE013BB1EE004B83EE042BD6
:100B5000BDEEC22B12EE100A10EB0E0E0CFB02F0D3
:100B6000184410F80E00FF2836D101EB820090EDFA
:100B7000012AB8EEC22BB2F1140003EE100AB8EE4F
:100B8000C33BB0EE404B03EE014BB1EE005B84EE95
:100B9000053B32EE032BBDEEC22B04EB820080ED51
:100BA000002A01EB820090ED012AB8EEC22BB2F1CF
:100BB000140003EE100AB8EEC33B03EE010BB1EED6
:100BC000003B80EE030B32EE000BBDEEC00B05EBDD
:100BD000820080ED000A65E001EB8200D0F804E0BD
:100BE000B2F1140002EE100AB8EEC22BB0EE403B98
:100BF00002EE013BB1EE004B83EE042BBDEEC22BA7
:100C000012EE100ABEEB000E0CFB02FC03EB0C0014
:100C100010F80E00FF2836D101EB820090ED012A7A
:100C2000B8EEC22BB2F1140003EE100AB8EEC33BCB
:100C3000B0EE404B03EE014BB1EE005B84EE053BA2
:100C400032EE432BBDEEC22B04EB820080ED002A76
:100C500001EB820090ED012AB8EEC22BB2F1140034
:100C600003EE100AB8EEC33B03EE010BB1EE003BFE
:100C700080EE030B32EE400BBDEEC00B05EB8200A5
:100C800080ED000A0EE092462F2044F822002F202B
:100C900045F822005FF0370B0AE154F82200401CAF
:100CA00044F82200DFF8C8355FF05E0C0CFB02F060
:100CB000184454F822E0704410F8010CFF2808D1C1
:100CC0000CFB02F0184454F822E010F80E00002843
:100CD00003D054F822005E28DFDB0CFB02F018443E
:100CE00055F822E070444078FF2809D10CFB02F04F
:100CF000184455F822E010F80E0000283FF4C3AE67
:100D000055F822000128FFF6BEAE55F82200401E1D
:100D100045F82200E1E700BF000000000000444069
:100D2000CDCCCCCCCCCCF43FBBF109002D2880F04D
:100D3000BD80BBF10900292856D23068002828D18F
:100D400055F82B1005EB8B0050F8080CB1EB400167
:100D500005EB8B0050F8100C411811F1020F18DA56
:100D600055F82B0005EB8B0151F8081C401A00F0D8
:100D7000ADFA04280DDA05EB8B0050F8080CDFF80B
:100D8000F4140860BBF10200DFF8EC1408600120E5
:100D900030603868002827D154F82B1004EB8B0002
:100DA00050F8080CB1EB400104EB8B0050F8100C2C
:100DB0004118032918DB54F82B0004EB8B0151F880
:100DC000081C401A00F082FA04280DDA04EB8B00AC
:100DD00050F8080CDFF8A4140860BBF10200DFF83B
:100DE000A014086001203860BBF1370F5EDAD8F834
:100DF000000000282BD155F82B1005EB8B0050F884
:100E0000080CB1EB400105EB8B0050F8100C4118B9
:100E100011F1090F1BDA05EB8B0050F8080C05EBFC
:100E20008B0151F8101C401A00F050FA04280EDA19
:100E300005EB8B0050F8080CDFF848140860BBF194
:100E40000200DFF8441408600120C8F80000D9F857
:100E5000000000282AD154F82B1004EB8B0050F826
:100E6000080CB1EB400104EB8B0050F8100C41185A
:100E70000A291BDB04EB8B0050F8080C04EB8B01F8
:100E800051F8101C401A00F021FA04280EDA04EB85
:100E90008B0050F8080CDFF8F4130860BBF1020077
:100EA000DFF8EC1308600120C9F80000BBF1010B6A
:100EB000DA45FFF639AFFFF7E3F8172111E052F8F2
:100EC0002100401C42F821005B1E002B08D4DFF8F3
:100ED000A0035E2404FB03F42044405C0028EED110
:100EE000891C482906DADFF8DC23002042F82100BB
:100EF0003B23EAE70D490020086017220AE0DFF8EB
:100F0000C4030B6850F82240A34202DA50F82200D2
:100F10000860521C482AF2DBBDE8F18F04AD0328BB
:100F20000CAD032810AD032808AD032814AD032829
:100F300050AD032864AD03283CAD03285CAD032805
:100F400060AD0328C8BF0228F8B5D2492F20C1F8E8
:100F5000C400D14A5E201060D04B00201860D04CF5
:100F600000202060CF4D00202860312647E052F855
:100F70002600012802DA002042F8260052F8260056
:100F80005E2802DB5E2042F8260053F82600012886
:100F900002DA002043F8260053F826005E2802DB20
:100FA0005E2043F8260052F826005B2802DB286802
:100FB000401C286053F82600032802DA2068401CF1
:100FC000206052F8267053F82600C719022097FBBC
:100FD000F0F000EE100AB8EEC00B2F6820683F1A40
:100FE00001EE107AB8EEC11B9FEDAF3B01EE030B93
:100FF000BDEEC00B01EB860080ED000A761E022ECE
:10100000C0F20A81312E08D1D1F8C40042F826007E
:10101000D1F8C40043F82600D5E0954F5FF05E0C90
:101020000CFB06F0384401EB860EDEF804E010F805
:101030000E00FF280AD101EB8600406842F8260026
:1010400001EB8600406843F82600BCE09FED980B5A
:101050009FED991B01EB8600D0F804E0B6F1140077
:1010600002EE100AB8EEC22BB0EE403B02EE013B9E
:10107000B1EE004B83EE042BBDEEC22B12EE100A34
:1010800010EB0E0E0CFB06F0384410F80E00FF2893
:1010900036D101EB860090ED012AB8EEC22BB6F1F5
:1010A000140003EE100AB8EEC33BB0EE404B03EE63
:1010B000014BB1EE005B84EE053B32EE032BBDEE3F
:1010C000C22B02EB860080ED002A01EB860090ED3A
:1010D000012AB8EEC22BB6F1140003EE100AB8EEE6
:1010E000C33B03EE010BB1EE003B80EE030B32EE8F
:1010F000000BBDEEC00B03EB860080ED000A62E042
:1011000001EB8600D0F804E0B6F1140002EE100AFC
:10111000B8EEC22BB0EE403B02EE013BB1EE004B0D
:1011200083EE042BBDEEC22B12EE100ABEEB000EB6
:101130000CFB06FC07EB0C0010F80E00FF2836D164
:1011400001EB860090ED012AB8EEC22BB6F1140037
:1011500003EE100AB8EEC33BB0EE404B03EE014B7A
:10116000B1EE005B84EE053B32EE432BBDEEC22BAD
:1011700002EB860080ED002A01EB860090ED012A4B
:10118000B8EEC22BB6F1140003EE100AB8EEC33B62
:1011900003EE010BB1EE003B80EE030B32EE400B91
:1011A000BDEEC00B03EB860080ED000A0BE02F20A4
:1011B00042F826002F2043F8260004E052F82600CB
:1011C000401C42F826002A485E2707FB06FC8444A0
:1011D00052F826E01CF80EC0BCF1FF0F04D152F803
:1011E00026C0BCF15E0FE9DB07FB06FC844453F824
:1011F00026E01CF80EC0BCF1FF0F7FF4B8AE53F828
:1012000026C0BCF1010FFFF6B2AE53F826C0BCF108
:10121000010C43F826C0E7E7294CFFF781FB84ED7A
:10122000000A294821680160F1BD0000CCBF0228F6
:1012300040AD03282CA903280000B4C2000040419F
:10124000000040C138AD032868AD0328E0AC032896
:1012500064AA032828AD032858AD0328C4BF022878
:10126000D4AC032804A4032824A2032814A303282D
:101270001C870328F4AC0328F8AC0328FCAC032833
:1012800000AD0328E4AC0328E8AC0328ECAC032849
:10129000F0AC0328D4A60328F4A40328E4A503286B
:1012A00018AD03281CAD03289A9999999999E93F9B
:1012B0000000000000004440CDCCCCCCCCCCF43FAE
:1012C00020AD0328ACA0032824AD0328002848BF84
:1012D0004042704780B501000820DFF8202A1060E6
:1012E000C9B2012001F012FA0820DFF8201A0860C4
:1012F00001BD2DE9F047060015001F00DFF8008A48
:101300003000B8F8002080B2904201D2012000E005
:1013100000200C00DFF8EC99AF224946C0B201F082
:101320005EFFDFF8E4A92000BAF8001080B288421E
:1013300001D2012000E00020B0224946C0B201F0F5
:101340004EFF2800B8F8001080B2884201D2012078
:1013500000E00020B1224946C0B201F040FF380051
:10136000BAF8001080B2884201D2012000E00020CB
:10137000B2224946C0B201F032FFDFF8940900788A
:101380000028012803D9801E01282FD95CE02A20DB
:10139000FFF7A0FF0021012001F0B8F9B61C3100D1
:1013A000C9B2012001F0B2F90021012001F0AEF92B
:1013B000AD1C2900C9B2012001F0A8F92B20FFF7CC
:1013C00089FF0021012001F0A1F9641C2100C9B2AC
:1013D000012001F09BF90021012001F097F97F1C09
:1013E0003900C9B2012001F091F92DE02A20FFF760
:1013F00071FF0021012001F089F9761C3100C9B28A
:10140000012001F083F90021012001F07FF96D1C1A
:101410002900C9B2012001F079F92B20FFF75AFF0A
:101420000021012001F072F9A41C2100C9B20120A1
:1014300001F06CF90021012001F068F9BF1C3900AE
:10144000C9B2012001F062F92C20FFF743FFBDE88B
:10145000F08700B585B0684601F0EFFE0120ADF8D9
:101460000000DFF89C080088ADF80200DFF898085B
:101470000088ADF80400DFF8F8090078002803D0F0
:1014800002280FD007D30DE006208DF806000820B3
:101490008DF8070006E008208DF8060010208DF872
:1014A0000700FFE70FF28D5003900FF21100049038
:1014B000684601F0D2FE05B000BD0000F8B5DFF8C7
:1014C00040482088400001F01DFF0500002000205A
:1014D0000820DFF8A0190860DFF82C683088431E68
:1014E0009BB22088421E92B200210020FFF701FF2C
:1014F000002007E0DFF880190988020092B225F881
:101500001210401C0100228889B29142F2D30027B8
:1015100005E022882900012001F0A2F97F1C380093
:10152000318880B28842F4D30820DFF8501908606F
:10153000280001F0F0FEF1BDDFF8D417087008783C
:101540000028012803D9801E012809D910E0802035
:10155000DFF8AC170880A020DFF8AC17088007E0A0
:10156000A020DFF89C1708808020DFF89C170880F7
:101570007047DFF80C291080DFF8FC080180704705
:10158000F8B504000D0016002000DFF87417098874
:1015900080B2884201D2012000E00020DFF86477A9
:1015A00040F273123900C0B201F019FE2800DFF8D2
:1015B0005817098880B2884201D2012000E000203B
:1015C0004FF4BA723900C0B201F009FE0820DFF80A
:1015D000A41808602B009BB2220092B2290089B2A5
:1015E000200080B2FFF785FE310089B2012001F0B2
:1015F000E2F80820DFF884180860F1BD2DE9F04713
:101600002DED028B060015001F00DFF8F486300078
:10161000B8F8002080B2904201D2012000E0002002
:101620000C00DFF8E09640F28B124946C0B201F0A0
:10163000D6FDDFF8D4A62000BAF8001080B28842A8
:1016400001D2012000E000204FF4C6724946C0B22A
:1016500001F0C5FD2800B8F8001080B2884201D220
:10166000012000E0002040F28D124946C0B201F096
:10167000B6FD3800BAF8001080B2884201D20120CD
:1016800000E000204FF4C7724946C0B201F0A7FD48
:101690003000290080B289B2884202D25FF001098D
:1016A00001E05FF0FF392000390080B289B2884242
:1016B00002D25FF0010A01E05FF0FF3A9FED5F0A9E
:1016C0009FED5E0ADDF828803000290080B289B2E3
:1016D000884238D0210089B2380080B2091A00EE61
:1016E000101AB8EEC00A310089B2280080B2091A77
:1016F00000EE901AF8EEE00A80EE208A200080B218
:1017000000EE100AF8EE408A300080B200EE100AB7
:10171000B8EE400A40EE488A310089B2280080B213
:10172000091A00291ED4310089B2280080B2091A92
:101730001DE0424692B2210089B2300080B2FFF72C
:101740001FFF1AEB04042000390080B289B28842DE
:10175000EFD1424692B2210089B2300080B2FFF749
:101760000FFF66E0290089B2300080B2091A22001A
:1017700092B2380080B2121A002A05D4220092B226
:10178000380080B2121A04E03A0092B2200080B20F
:10179000121A91423FDA17E0424692B2210089B212
:1017A000300080B2FFF7ECFE1AEB0404200080B298
:1017B00000EE100AB8EE400A30EE680A80EE080A21
:1017C000BDEEC00A10EE106A2000390080B289B266
:1017D0008842E1D1424692B2210089B2300080B203
:1017E000FFF7CEFE25E0424692B2210089B23000DA
:1017F00080B2FFF7C5FE19EB0606300080B200EE9E
:10180000100AB8EE400AF0EE680A40EE080ABDEE93
:10181000E00A10EE104A3000290080B289B28842F6
:10182000E1D1424692B2210089B2300080B2FFF786
:10183000A7FEBDEC028BBDE8F087000000000000B1
:10184000F8B5D8B005000E0014002800DFF8B01479
:10185000098880B2884201D2012000E00020DFF830
:10186000A47440F2CB123900C0B201F0B8FC3000D1
:10187000DFF89414098880B2884201D2012000E088
:1018800000204FF4E6723900C0B201F0A8FC00203D
:1018900000200820DFF8DC150860DFF8D4050078A8
:1018A000002804D0022800F0BF8046D3BCE0F31D1E
:1018B0009BB26A1D92B2310089B2280080B2FFF754
:1018C00018FD002000E0401C0100C9B206292EDAF4
:1018D0000621DFF8B0252300DBB24B431A44030096
:1018E000DBB21A4412F8C02C00230BE040AD1E00FE
:1018F000F6B24E4356FA80F6DFF87C753F8825F83D
:10190000167010E01D00EDB2082DDCDAD507EDD51C
:1019100040AD1E00F6B24E4356FA80F6DFF8607511
:101920003F8825F81670D2B252085B1CEAE73022D5
:1019300040A9012000F094FF76E016F10F039BB25E
:10194000EA1D92B2310089B2280080B2FFF7D1FCC3
:10195000002000E0401C0100C9B208295EDADFF86F
:1019600028252100C9B2090111440300DBB2194442
:10197000B1F5007109782300DBB21B011A440300A2
:10198000DBB21A44B2F5FC72127800231BE06D46FC
:101990001E00F6B2F60056FA80F6DFF8DC743F88D7
:1019A00025F816700CE0CD07F1D56D461E00F6B295
:1019B000F60056FA80F6DFF8C8743F8825F81670EE
:1019C000C9B249085B1C1D00EDB2082DEBDB0021FC
:1019D0000DE06B460D00EDB2ED0055FA80F503EB1E
:1019E0004503DFF894542D88A3F8805012E00B00D3
:1019F000DBB2082BAEDAD307EBD56B460D00EDB2A8
:101A0000ED0055FA80F503EB4503DFF874542D889B
:101A1000A3F88050D2B25208491CE8E780226946F8
:101A2000012000F01DFFFFE70820DFF850140860D8
:101A300059B0F0BDF8B504000E0015002000DFF825
:101A4000C012098880B2884201D2012000E0002043
:101A5000DFF8B07240F222223900C0B201F0BFFBC1
:101A60003000DFF8A412098880B2884201D2012038
:101A700000E0002040F223223900C0B201F0AFFBA9
:101A800000270EE00CE0380080B22A5C310089B2F9
:101A9000380080B2C00010FA84F080B2FFF7D0FEA8
:101AA0007F1C380080B2285C002817D0DFF8DC03E8
:101AB0000078002803D00228E4D0E4D3F0E738000F
:101AC00080B22A5C310089B23B009BB206204343BE
:101AD00013FA84F080B2FFF7B3FEE1E7F1BD2DE920
:101AE000FE43070016001D003800854A128880B2A8
:101AF000904201D2012000E000200C00DFF80482B7
:101B00004FF410724146C0B201F069FB2000DFF8CB
:101B1000DC16098880B2884201D2012000E0002052
:101B200040F241224146C0B201F059FB2800C0B248
:101B3000002801D0012000E0002040F2422241466E
:101B4000C0B201F04CFB2800C0B20B2801DA012022
:101B500000E0002040F243224146C0B201F03FFBCA
:101B60005FF001080C210022E946484601F014FC10
:101B70002900C9B2491C2022E946484601F00CFC64
:101B80002800C0B20A280CDA03E00A2000FB08F89B
:101B90006D1E2800C0B20028F7D196FBF8F008FBB4
:101BA00010663100684601F02FFC6A46210089B2B8
:101BB000380080B2FFF73EFFBDE8F7832DE9F04122
:101BC0002DED028B86B00500B0EE408B16001F0095
:101BD00028004B4A128880B2904201D2012000E0D6
:101BE00000200C00DFF81C8140F291224146C0B277
:101BF00001F0F5FA2000DFF8F415098880B2884278
:101C000001D2012000E0002040F292224146C0B201
:101C100001F0E5FA3000C0B2002801D0012000E058
:101C2000002040F293224146C0B201F0D8FA3000C1
:101C3000C0B2092801DA012000E000204FF425722B
:101C40004146C0B201F0CBFA3800C0B2002801D042
:101C5000012000E0002040F295224146C0B201F090
:101C6000BEFA3800C0B2072801DA012000E00020E7
:101C700040F296224146C0B201F0B1FAB7EE000B35
:101C800011210022E846404601F086FB3800C0B230
:101C900050FA86F1891C2022E846404601F07CFB80
:101CA00004E0B2EE042B20EE020B761E3000C0B230
:101CB0000028F6D1BDEEC81B11EE100ABDEEC01B08
:101CC00011EE101A90FBF1F001EE100AB8EEC11BF4
:101CD00001EE408B3900C9B2B0EE480B684601F006
:101CE000D7FB6A46210089B2280080B2FFF7A2FE26
:101CF00006B0BDEC028BBDE8F0810000040B314062
:101D0000C6C00228D4D70810C8C00228080B31402A
:101D1000D5AD03282DE9F84F804614009A46DFF828
:101D2000D0944046B9F8002080B2904201D2012000
:101D300000E000200F00DFF8BCB440F2F322594667
:101D4000C0B201F04CFA3800DFF8A014098880B264
:101D5000884201D2012000E000204FF43D72594634
:101D6000C0B201F03CFA002C01D0012000E00020BC
:101D70000C9D0B9E40F2F5225946C0B201F02FFA9D
:101D80000020002000200020B9F80000400001F0F1
:101D9000B9FA8146082037490860E819431E9BB20A
:101DA00016EB0800421E92B2390089B2404680B25A
:101DB000FFF79FFA5FF0000B0A9FDDF8348007E021
:101DC000320092B24946012000F04AFD1BF1010B9E
:101DD000280080B2834541D2380080B200FB0BF06E
:101DE000290089B2B0FBF1F1504680B24143214451
:101DF00000220EE04FF6FF7029F8120008E043467B
:101E0000DBB280B29BB29842F4D2002029F81200D3
:101E1000521C300080B28242D2D2504680B200FBC7
:101E200002F033009BB2B0FBF3F0085C4346DBB238
:101E3000002BE4D10300DBB2DB08DBB2DB0284461B
:101E40005FFA8CFC5FEA9C0C5FFA8CFC53EA4C1343
:101E5000C0F3C400034329F81230D9E70820DFF8A3
:101E600098130860484601F056FABDE8F18F00006B
:101E7000D1C0022804063140CCC0022808063140F7
:101E8000CAC0022880C60810F0980810D1C00228E5
:101E90001FB508200290042001900120009001232A
:101EA000D94A0021012000F0A7FE032300220121CE
:101EB000B32001F030FC032300220121B42001F003
:101EC0002AFC032301220121632001F024FC0323C7
:101ED00001220121582001F01EFCCC4C2078FFF794
:101EE0002BFBC7480188C7480088FFF742FB10203A
:101EF000C74908600A2001F007FD1020C5490860A5
:101F0000782001F001FD0820BC4908601120FFF78E
:101F1000E1F9782001F0F8FCB120FFF7DBF90121AD
:101F2000012000F0F3FB2C21012000F0EFFB2D211C
:101F3000012000F0EBFBB220FFF7CCF901210120DA
:101F400000F0E4FB2C21012000F0E0FB2D2101201A
:101F500000F0DCFBB320FFF7BDF90121012000F008
:101F6000D5FB2C21012000F0D1FB2D21012000F018
:101F7000CDFB0121012000F0C9FB2C21012000F044
:101F8000C5FB2D21012000F0C1FBB420FFF7A2F911
:101F90000721012000F0BAFBC020FFF79BF9A22126
:101FA000012000F0B3FB0221012000F0AFFB8421EF
:101FB000012000F0ABFBC120FFF78CF9C521012007
:101FC00000F0A4FBC220FFF785F90A21012000F0F0
:101FD0009DFB0021012000F099FBC320FFF77AF957
:101FE0008A21012000F092FB2A21012000F08EFBC3
:101FF000C420FFF76FF98A21012000F087FBEE2152
:10200000012000F083FBC520FFF764F90E210120B9
:1020100000F07CFB3620FFF75DF92078002805D022
:1020200002280DD007D303280FD012E0C0210120D1
:1020300000F06CFB0DE00021012000F067FB08E0E0
:10204000A021012000F062FB03E06021012000F0EC
:102050005DFBE020FFF73EF90F21012000F056FB69
:102060001A21012000F052FB0F21012000F04EFB4D
:102070001821012000F04AFB2F21012000F046FB2F
:102080002821012000F042FB2021012000F03EFB2E
:102090002221012000F03AFB1F21012000F036FB35
:1020A0001B21012000F032FB2321012000F02EFB38
:1020B0003721012000F02AFB0021012000F026FB3F
:1020C0000721012000F022FB0221012000F01EFB6D
:1020D0001021012000F01AFBE120FFF7FBF80F218F
:1020E000012000F013FB1B21012000F00FFB0F214A
:1020F000012000F00BFB1721012000F007FB33212A
:10210000012000F003FB2C21012000F0FFFA29211F
:10211000012000F0FBFA2E21012000F0F7FA302117
:10212000012000F0F3FA3021012000F0EFFA39210C
:10213000012000F0EBFA3F21012000F0E7FA002136
:10214000012000F0E3FA0721012000F0DFFA03216B
:10215000012000F0DBFA1021012000F0D7FA2A203C
:10216000FFF7B8F80021012000F0D0FA0221012089
:1021700000F0CCFA0021012000F0C8FA82210120F1
:1021800000F0C4FA2B20FFF7A5F80021012000F091
:10219000BDFA0321012000F0B9FA0021012000F06E
:1021A000B5FA8321012000F0B1FAF020FFF792F890
:1021B0000121012000F0AAFAF620FFF78BF8002198
:1021C000012000F0A3FA3A20FFF784F8052101204E
:1021D00000F09CFA2920FFF77DF8082006490860E6
:1021E000FFF76CF9FFF735F91FBD0000C8C00228E2
:1021F000C6C00228D4D70810080631400406314072
:10220000CCC00228CAC0022880C3C901D5AD0328AA
:10221000040B3140080B3140D0F80803C005C00D55
:10222000704710F541710A6852F480320A6010F567
:1022300041710A6832F480320A60D0F804037047B2
:10224000C0F840127047D0F80802C005C00D7047B2
:10225000D0F80802C0F3C030704738B50500280038
:10226000FFF7F1FF04002800FFF7F2FF0419002C2C
:1022700001D1012000E00020C0B232BD0068C0F3EF
:102280008130002801D1802000E0402070470168A3
:1022900051F00041016070472030026861F39B6299
:1022A0000260704780B5FFF7B7FF02BD80B5FFF74A
:1022B000B8FF01BD022801D3012010E00B00DBB202
:1022C000042B01DB01200AE0DFF8283703EB800054
:1022D000C9B2405C824201D3012000E00020704777
:1022E000F8B504000F0015001E00022C01D30120D8
:1022F0002AE02A003900C9B22000FFF7DBFF0128DD
:1023000001D1012020E006983900C9B202291ED16E
:10231000B6F5803F19D2202817D24FF4C052DFF80B
:10232000D81663030B4403EB850313441F6866F35D
:1023300017271F606403214401EB850111440A68DB
:1023400060F3C7020A600020F2BD0120FCE7FFB283
:10235000032F1FD1B6F1807F1AD2202818D24FF454
:10236000E052DFF8941663030B4403EB8503134438
:102370001F6807F0FF0757EA06271F606403214420
:1023800001EB850111440A6860F3C7020A60DAE7CD
:102390000120D9E70120D7E700B20012C0B2704790
:1023A000F8B505000E001700280000B2FFF7F4FF93
:1023B00004002000C0B2022801D3012024E03A002A
:1023C0003100C9B22000C0B2FFF774FF012801D16B
:1023D000012019E0DFF820162000C0B240030844B5
:1023E0002A00D2B200EB8200D0F8000CF6B266F3FD
:1023F000092067F30700E4B264032144EDB201EB66
:102400008501C1F8000C0020F2BD70B504000D007C
:102410001600022C01D301201DE032002900C9B2B0
:102420002000FFF747FF012801D1012013E0DFF86A
:10243000C8156003085850F0004050F0407050F448
:102440007F00EDB265F3092066F307006203885050
:1024500064030859002070BD0100C020C9B20029E2
:1024600005D0022907D004D3032906D006E01220A4
:1024700004E0622002E07A2000E01A20C0B2704737
:102480000100C020C9B2002905D0022907D004D319
:10249000032906D006E0112004E0612002E0792043
:1024A00000E01920C0B270470100C020C9B2002965
:1024B00005D0022907D004D3032906D006E0102056
:1024C00004E0602002E0782000E01820C0B27047ED
:1024D0000100C020C9B200290BD002290DD00AD3B7
:1024E00004290ED00BD306290FD00CD307290ED008
:1024F0000EE013200CE014200AE0632008E06420C2
:1025000006E07B2004E0292002E01B2000E01C20E4
:10251000C0B2704701000020C9B2002905D00229CD
:1025200007D004D3032906D006E0132004E01320CB
:1025300002E0132000E01320C0B270470100002029
:10254000C9B2002905D0022907D004D3032906D037
:1025500006E0132004E0132002E0132000E0132023
:10256000C0B2704701000020C9B2002905D002297D
:1025700007D004D3032906D006E0132004E013207B
:1025800002E0132000E01320C0B2704701000020D9
:10259000C9B200290BD002290DD00AD304290ED0CC
:1025A0000BD306290FD00CD307290ED00EE0132031
:1025B0000CE013200AE0132008E0132006E01320AB
:1025C00004E0132002E0132000E01320C0B27047A3
:1025D000C9B2082902D0102946D096E0DFF80816C3
:1025E0000200D2B251F82220126832F440420300B5
:1025F000DBB251F823301A600200D2B251F8222027
:10260000D2F80022520952010300DBB251F8233004
:10261000C3F800220200D2B251F82220D2F80022E0
:1026200052F007020300DBB251F82330C3F8002256
:102630000200D2B251F82220D2F8002352095201EE
:102640000300DBB251F82330C3F800230200D2B2FA
:1026500051F82220D2F8002352F00702C0B251F8FC
:102660002000C0F8002350E0DFF87C150200D2B251
:1026700051F82220126832F440420300DBB251F8D4
:1026800023301A600200D2B251F82220126852F4AC
:1026900080420300DBB251F823301A600200D2B24C
:1026A00051F82220D2F80022520952010300DBB275
:1026B00051F82330C3F800220200D2B251F8222090
:1026C000D2F8002252F00F020300DBB251F823309F
:1026D000C3F800220200D2B251F82220D2F800231F
:1026E000520952010300DBB251F82330C3F8002332
:1026F0000200D2B251F82220D2F8002352F00F0289
:10270000C0B251F82000C0F800237047F8B50400AB
:102710000E0008212000C0B2FFF75AFFDFF8CC54AA
:102720002000C0B2285C08280FD02000C0B2285C6E
:10273000C010DFF8BC1411EBC01101202200D2B28E
:10274000AA5C12F0070290400860DFF89C74F6B2B1
:1027500031002000C0B257F82000FFF771FD2000C3
:10276000C0B257F82000FFF789FD06002000C0B274
:1027700057F82000FFF767FD8642F0D02000C0B276
:1027800057F82000FFF769FD0028F7D02000C0B2FD
:10279000285C08280ED02000C0B2285CC010DFF8EA
:1027A000541411EBC0110120E4B22A5D12F00702AB
:1027B00090400860F1BDF8B504000E001021200023
:1027C000C0B2FFF705FFDFF824542000C0B2285C38
:1027D00008280FD02000C0B2285CC010DFF8101409
:1027E00011EBC01101202200D2B2AA5C12F0070244
:1027F00090400860DFF8F073B6B231002000C0B23C
:1028000057F82000FFF71CFD2000C0B257F8200049
:10281000FFF734FD06002000C0B257F82000FFF794
:1028200012FD8642F0D02000C0B257F82000FFF71A
:1028300014FD0028F7D02000C0B2285C08280ED074
:102840002000C0B2285CC010DFF8A81311EBC01143
:102850000120E4B22A5D12F0070290400860F1BD49
:102860002DE9F84307000D00140010213800C0B214
:10287000FFF7AEFEDFF874633800C0B2305C0828A2
:102880000FD03800C0B2305CC010DFF8641311EB19
:10289000C01101203A00D2B2B25C12F0070290409F
:1028A0000860DFF8448329883800C0B258F8200057
:1028B000FFF7C6FCAD1C3800C0B258F82000FFF787
:1028C000DDFC81463800C0B258F82000FFF7BBFCA1
:1028D0008145F0D0641E002CE3D13800C0B258F816
:1028E0002000FFF7BAFC0028F7D03800C0B2305CF7
:1028F00008280ED03800C0B2305CC010DFF8F412E7
:1029000011EBC0110120FFB2F25D12F007029040FE
:102910000860BDE8F1832DE9F04104000F001600C6
:1029200008212000C0B2FFF753FEDFF8C05220009C
:10293000C0B2285C08280FD02000C0B2285CC010AC
:10294000DFF8AC1211EBC01101202200D2B2AA5C58
:1029500012F0070290400860DFF88C82FFB2390065
:102960002000C0B258F82000FFF76AFC2000C0B277
:1029700058F82000FFF782FC07002000C0B258F88A
:102980002000FFF760FC8742F0D0F6B23100200053
:10299000C0B258F82000FFF753FC2000C0B258F82E
:1029A0002000FFF76BFC06002000C0B258F82000A2
:1029B000FFF749FC8642F0D02000C0B258F8200052
:1029C000FFF74BFC0028F7D02000C0B2285C082895
:1029D0000ED02000C0B2285CC010DFF8181211EB36
:1029E000C0110120E4B22A5D12F007029040086095
:1029F000BDE8F08194DC081000000440F8B5040044
:102A00000D00002008212000C0B2FFF7E1FD774E45
:102A10002000C0B2305C08280ED02000C0B2305C6C
:102A2000C010734911EBC01101202200D2B2B25C78
:102A300012F00702904008606B4F2000C0B257F8B8
:102A40002000FFF72FFC002805D02000C0B257F867
:102A50002000FFF72BFCEDB229002000C0B257F890
:102A60002000FFF7EDFB2000C0B257F82000FFF771
:102A700019FC0028F7D02000C0B257F82000FFF75B
:102A800015FC00212000C0B257F82000FFF7D8FB4A
:102A90002000C0B257F82000FFF7DFFB0028F7D076
:102AA0002000C0B257F82000FFF7FCFB0028F7D049
:102AB0002000C0B257F82000D0F840032100C9B26E
:102AC000715C08290DD02100C9B2715CC910494A56
:102AD00012EBC1120121E4B2335D13F007039940F8
:102AE0001160C0B2F2BD2DE9F84380460D0016001A
:102AF0001C0008214046C0B2FFF76AFD3B4F40462C
:102B0000C0B2385C08280ED04046C0B2385CC01055
:102B1000374911EBC01101204246D2B2BA5C12F023
:102B2000070290400860DFF8C0904046C0B259F8F4
:102B30002000FFF7B7FB002805D04046C0B259F887
:102B40002000FFF7B3FBEDB229004046C0B259F8B0
:102B50002000FFF775FB4046C0B259F82000FFF790
:102B6000A1FB0028F7D04046C0B259F82000FFF77B
:102B70009DFB00214046C0B259F82000FFF760FBE2
:102B80004046C0B259F82000FFF767FB0028F7D095
:102B90004046C0B259F82000FFF784FB0028F7D068
:102BA0004046C0B259F82000D0F840033070761C7F
:102BB000641E002CDDD14046C0B2385C08280FD01E
:102BC0004046C0B2385CC0100A4911EBC011012068
:102BD0005FFA88F817F8082012F0070290400860A2
:102BE000BDE8F183000000007CC0022894AD0328FA
:102BF00004003140080031402DE9F84F2DED028BE3
:102C00009EB006000F009946042080B202FB00F23D
:102C1000A848B0FBF2F8A74802FB180000EE100A23
:102C2000B8EE400B01EE102AB8EE411B80EE010B0E
:102C3000BFEEED0B10EE100B08EE100A342100224F
:102C400001AC200000F0A8FB3C2100220EAC2000CB
:102C500000F0A2FB30004946C0B2C9B2884201D19F
:102C6000012000E000202A9DDFF84CA24FF4707292
:102C70005146C0B200F0B3FA48462900C0B2C9B20A
:102C8000884201D1012000E000202B9C40F2C1329B
:102C90005146C0B200F0A3FA062002902800C0B24C
:102CA000FFF74CFC8DF80C002800C0B2FFF7E8FBE2
:102CB00082465FF0080B2800C0B2FFF7E1FB7F4DB2
:102CC00001AA9AFBFBF10BFB11AA5146C0B2C0103E
:102CD000C001284400F033FF062002904846C0B2ED
:102CE000FFF718FC8DF80C004846C0B2FFF7B4FBA4
:102CF00082465FF0080B4846C0B2FFF7ADFB01AA61
:102D00009AFBFBF10BFB11AA5146C0B2C010C001E7
:102D1000284400F014FF2000C0B204281ED0082070
:102D200002902000C0B2FFF71DFC8DF80C002000BF
:102D3000C0B2FFF7B9FB81465FF0080A2000C0B2BD
:102D4000FFF7B2FB01AA99FBFAF10AFB1199494678
:102D5000C0B2C010C001284400F0F1FE2C9C20003D
:102D6000C0B208281ED0062002902000C0B2FFF793
:102D70000DFC8DF80C002000C0B2FFF7A9FB8146C6
:102D80005FF0080A2000C0B2FFF7A2FB01AA99FB7E
:102D9000FAF10AFB11994946C0B2C010C00128449B
:102DA00000F0CDFE3000C0B2032803D23000C0B224
:102DB000401C00E000203200D2B2D21D032110F5E9
:102DC0008F7000B2FFF7ECFA3000C0B2032803D2D4
:102DD0003000C0B2401C00E0002010F58F7000B23F
:102DE000FFF7DAFA8DED008AB8F1010843463200A8
:102DF000D2B2D21D0321C0B2FFF772FA3000C0B2C6
:102E0000032803D23000C0B2401C00E0002010F5BF
:102E10008F7000B2FFF7C0FA3200D2B2D21D032188
:102E2000C0B2FFF7F2FAFFB2002F05D0022F09D08F
:102E300005D3032F09D00AE00020109007E00120FD
:102E4000109004E00220109001E003201090012077
:102E50000E9000200F90042011900820129008205E
:102E6000139001208DF8500001208DF85300104D73
:102E700000220EA93000C0B255F8200000F09EFEDE
:102E800000213000C0B255F82000FFF705FA3000ED
:102E9000C0B255F82000FFF7FAF90448F6B284559D
:102EA0001EB0BDEC028BBDE8F18F000094AD03288D
:102EB0007CC0022800B4C4040CD9081000003140C2
:102EC00082B000200190002000900020019009E0D5
:102ED0000098401C00900098B0F5005FF8D301986E
:102EE000401C01900198B0F5805F02D20020009054
:102EF000F1E702B0704780B50100002001F01DFA33
:102F000001BD2DE9F043ADF5137D0700884616009D
:102F10001C000020ADF802000020ADF800000020E9
:102F200002900020ADF804000020ADF806004046F5
:102F300001F0B2FC0290DFF890532888002801D0FD
:102F400028698047DFF884030078002800F0338187
:102F50002888002800F01181BDF90600411CADF859
:102F600006103A00010089B20020EB6898474746F6
:102F7000404601F091FC02906888A97990FBF1F03D
:102F8000ADF804003800471C00780028FAD1002072
:102F9000ADF800000EE07F1E38782F2802D0387878
:102FA0005C2804D1BDF80000401CADF80000029878
:102FB000401E0290BDF80000022802DA02980028A4
:102FC000E9D50298002806D47A1CDFF8041353A828
:102FD00001F07EFC0EE0BDF80000002805D13A00AB
:102FE000BC4953A801F074FC04E03A00B84953A866
:102FF00001F06EFC0020ADF8020042E0BDF80010C8
:10300000BDF80020BDF8023053AF9BB2BDF90400FB
:10301000434313FA82F0385C43AA89B25054BDF896
:103020000000401CADF80000BDF8000080B2BDF902
:10303000041088420EDA53A801F02EFCBDF80020DF
:10304000BDF802309BB2BDF904104B4313FA82F174
:103050008842D3D2002043A9BDF800208854BDF98E
:103060000600411CADF8061043AAE97911FB00F1F6
:1030700089B20020EB689847BDF80200401CADF80B
:103080000200BDF8027053A801F006FCBDF904105F
:10309000B0FBF1F0401CBFB2874203D20020ADF874
:1030A0000000C1E732008C4953A801F011FCBDF9C2
:1030B0000600411CADF8061053AAE97911FB00F196
:1030C00089B20020EB689847002C74D00020ADF83E
:1030D000020041E0BDF80010BDF80020BDF802304C
:1030E0009BB2BDF90400434313FA82F0205C43AA6B
:1030F00089B25054BDF80000401CADF80000BDF886
:10310000000080B2BDF9041088420EDA200001F000
:10311000C3FBBDF80020BDF802309BB2BDF904101E
:103120004B4313FA82F18842D4D2002043A9BDF860
:1031300000208854BDF90600411CADF8061043AAD2
:10314000E97911FB00F189B20020EB689847BDF8DE
:103150000200401CADF80200BDF80260200001F042
:103160009BFBBDF90410B0FBF1F0401CB6B28642E7
:1031700021D20020ADF80000C1E74FF48071002299
:103180000DF10C09484600F007F93800A968884796
:10319000002C07D0009433004246504903A801F0A8
:1031A00097FB05E0330042464D4903A801F090FB30
:1031B00003A8A96888470DF5137DBDE8F08310B515
:1031C00042480078002809D0474C2100002001F037
:1031D000C2F801222100434801F0A7FB10BD38B519
:1031E0000C001500C0B2002803D140480078002828
:1031F00000D131BD3E490878002800D0FEE70878AC
:10320000401C087001F0CAFC00232A002100394844
:10321000FFF777FEFFF754FEF6E710B514001A002B
:10322000C0B2002808D129480078002804D00B003B
:1032300021003148FFF765FE10BD002101804FF6E7
:10324000FF7141808180FF218171C1710021816006
:103250000021C1600021016170471B4902880A807A
:1032600042884A8082888A8082798A71C279CA714A
:1032700082688A60C268CA600069086101201349D7
:103280000870704700B585B06846FFF7D6FF1B4849
:1032900002906846FFF7E1FF05B000BD80B5FFF77B
:1032A000F1FF002300225FF4E131002001F0F4F986
:1032B0004023134A00210B4801F007FC01210020A4
:1032C00001F011F901BD000014AC0328CCAD0328B6
:1032D0005CDC08103CDC081068DC081084DB08109B
:1032E00024DC0810D0AB0328CDAD0328D0C00228C1
:1032F000CEAD03284CDC081074DC0810F72E081043
:10330000ECA8032810B501F071FC040008BF01F01F
:103310000BFD204610BD01F00ABDF0B40246106856
:1033200095681318506803EB5004C00748BF4D441C
:10333000A3422DD013F8016B16F0030004BF13F85D
:10334000010BC01C31090F2907D113F8011B0F31E4
:1033500003E013F8017B05F8017B401EF9D1002939
:10336000E6D013F8010BC6F38106032E08BF13F84D
:10337000016B00EB0620404228440026B71E8F4216
:103380001EBF10F8017B05F8017B761CF6D1CFE754
:10339000F0BC02F10C00704762F30F2262F31F428F
:1033A000401810F0030308D0C91A1FD3DB0748BF29
:1033B00000F8012D28BF20F8022D130030B4144668
:1033C0001546103928BF20E93C00FAD8490728BF24
:1033D00020E90C0048BF40F8042D890028BF20F8E0
:1033E000022D48BF00F8012D30BC7047C91818BF26
:1033F00000F8012DCB0728BF00F8012D70470268A7
:10340000531C03601170704738B584B005000C0080
:10341000002D01D0012000E000209F22DFF80412DF
:10342000C0B2FFF7DCFE00200021002D2DD0002CC3
:1034300004D52D2129706D1C644206E0002C04D1B6
:103440003020287021E049420AE0002C19D00A21DE
:1034500094FBF1F201FB12410200501C0029F2D44E
:103460006B46D2B299540A2194FBF1F4EDE7694618
:103470000200D2B2114411F8011C303129706D1CC8
:10348000401E0100C9B20029F1D105B030BD0000D5
:10349000F8B52DED028B96B00400B0EE408B0D0018
:1034A000002C01D0012000E000204FF4F172DFF881
:1034B0007411C0B2FFF793FE002000202900002CF9
:1034C00071D0BDEEC80B10EE100A9FED541BB4EE88
:1034D000418BF1EE10FA09D52D222270641C00EE0A
:1034E000100AB8EEC00B38EE400B13E09FED4B1BFB
:1034F000B4EE418BF1EE10FAF1D130202070601C57
:103500002E210170401C302101704CE0B2EE042BE2
:1035100020EE020B0A00511ED2B2002AF6D1BDEEF7
:10352000C00B10EE101A00220A2390FBF3F603FBE7
:10353000160309AE1700FFB246F82730521C0A23C3
:1035400090FBF3F00028EFD11000C0B200281ED08D
:103550002000441C09AB1600F6B203EB860353F8B7
:10356000043C002B07D409AB1600F6B203EB86032C
:1035700053F8043C07E009AB1600F6B203EB8603F0
:1035800053F8043C5B4230330370521EDCE72800E2
:10359000C0B2002807D000202E222270621C002911
:1035A00014D13020107016B0BDEC028BF1BD0A238F
:1035B00091FBF3F403FB14136C460600F6B244F8D7
:1035C0002630401C0A2391FBF3F16D1E2B00DBB269
:1035D000002BECD10100C9B20029E4D011004A1C33
:1035E0006B460400E4B203EB840353F8043C002B65
:1035F00007D46B460400E4B203EB840353F8043CA5
:1036000007E06B460400E4B203EB840353F8043C88
:103610005B4230330B70401EDCE70000000000000E
:103620000000000058D508100069C84010F00100E3
:103630007047012212FA01F181607047012212FAEB
:1036400001F14160704710B48900436C0F248C4035
:10365000A34312F00F0212FA01F11943416410BCA6
:10366000704780B5C9B200290ED00100C9B2082246
:1036700091FBF2F302FB1311494AC0B2C010C00122
:103680001044FFF7D6FF0DE00100C9B2082291FBFC
:10369000F2F302FB1311424AC0B2C010C001104441
:1036A000FFF7CCFF01BD80B50100C9B2082291FB34
:1036B000F2F302FB13113A4AC0B2C010C001104429
:1036C000FFF7B2FFC0B202BD10B5C9B200290BD1DD
:1036D000D2B2002A02D0022A02D003E00F220BE06D
:1036E0000B2209E00A2207E0D2B2042A01D10C22FF
:1036F00000E00E2212F007020100C9B2082391FB7C
:10370000F3F403FB1411264BC0B2C010C0011844DF
:10371000FFF799FF10BD2DE9F8418DB004000E00B0
:1037200015001F0034210022E8464046FFF734FE12
:10373000F6B2002E0ED1FFB2002F02D0022F03D01E
:1037400005E00F2001900DE0082001900AE008201C
:10375000019007E0FFB2042F02D10F20019001E099
:103760000E2001902000C0B2C0280FD02100C9B2A5
:1037700008206A4691FBF0F300FB13110848230070
:10378000DBB2DB10DB01184400F0D9F92900C9B223
:103790002000C0B2FFF765FF0EB0BDE8F081000069
:1037A00000003140022801D301200FE00B00DBB202
:1037B000042B01DB012009E0954B03EB8000C9B22B
:1037C000405C824201D3012000E000207047F8B540
:1037D00006000F0015001C00022E01D301201CE082
:1037E0002A003900C9B23000FFF7DCFF012801D1FF
:1037F000012012E03800C0B2002811D1B4F5807F5A
:103800000CD284487603304400EB850010F58050DC
:10381000016864F30F2101600020F2BD0120FCE784
:10382000FFB2012F10D1B4F5803F0BD27948760357
:10383000304400EB850010F5A050016864F31721B7
:103840000160E9E70120E8E70120E6E700B20012A5
:10385000C0B27047F8B505000E001700280000B28E
:10386000FFF7F4FF04002000C0B2022801D30120BA
:1038700023E03A003100C9B22000C0B2FFF792FF46
:10388000012801D1012018E062492000C0B24003A4
:1038900008442A00D2B200EB8200D0F8000CF6B245
:1038A00066F3092067F30700E4B264032144EDB234
:1038B00001EB8501C1F8000C0020F2BD70B50400D9
:1038C0000D001600022C01D301201CE0320029005B
:1038D000C9B22000FFF766FF012801D1012012E0E4
:1038E0004C496003085850F0004050F0407050F4CC
:1038F0007F00EDB265F3092066F30700620388508C
:1039000064030859002070BDF8B504004FF4FA5064
:103910004443414D414E00212878C001304401F01C
:10392000CEFA14E02878C001304401F0CAFAB84257
:10393000F8D33B4F3C192878C001304401F0C1FA5C
:103940003F1839002878C001304401F0B8FA4CF231
:103950005137BC42E6D22878C001304401F0B1FAB8
:103960008442F8D2F1BD38B594B0502100226C46A3
:103970002000FFF711FD2B4C00220121B4F90000BB
:10398000FFF768FFB4F90000FFF760FF092300228A
:103990000121C0B2FFF71BFFB4F90000FFF756FF8B
:1039A00000220121C0B2FFF789FF5FF0FF300090D5
:1039B00000208DF8040000208DF8050000208DF80F
:1039C000060000208DF8080003208DF84400012037
:1039D000129001208DF807000F4C104D6946207899
:1039E000C001284401F0A6F92078C001284401F064
:1039F00061FA00212078C001284401F060FA2078A3
:103A0000C001284401F06DFA15B030BD000000007F
:103A100094DC081000000440D2C002280000594085
:103A2000B03CFFFFCEC0022830B4614B1818C0096B
:103A3000604C14EB001404290DD223681F25C80024
:103A40008540AB43D2B212F01F02C90012FA01F155
:103A5000194321600CE0091F63681F25C8008540D9
:103A6000AB43D2B212F01F02C9008A401A4362600F
:103A700030BC7047002A04D1012212FA01F14160E2
:103A800003E0012212FA01F18160704710B489004D
:103A9000436C0F248C40A34312F00F0212FA01F181
:103AA0001943416410BC704710B4836C01248C40EE
:103AB000A34312F0010212FA01F11943816410BC10
:103AC000704710B4C36C01248C40A34312F0010270
:103AD00012FA01F11943C16410BC704710B44900D7
:103AE0001031C36C03248C40A34312F0030212FA7A
:103AF00001F11943C16410BC70474269012212FAF6
:103B000001F141614069704710B4836901248C4020
:103B1000A34312F0010212FA01F11943816110BCB2
:103B2000704710B44900036C03248C40A34312F087
:103B3000030212FA01F11943016410BC7047F8B591
:103B400005000E0014000027002D2ED0002C2CD0D4
:103B5000226831002800FFF78DFF227A310028000B
:103B6000FFF762FF626931002800FFF79DFFA2693D
:103B700031002800FFF7A5FFE26931002800FFF7B8
:103B8000ADFF626831002800FFF780FFE268310076
:103B90002800FFF7C6FF31002800FFF7AEFF2269BB
:103BA00031002800FFF7B0FF00E0034F3800F2BDFE
:103BB0000000CFBF0000304001005A002DE9F04165
:103BC000DFF8D0311C00DFF8D051D5F800C0DFF8A5
:103BD000CC512D68DFF8C8613668DFF8C8713F68DE
:103BE0005FF0000E5FF0000E002800F0D08000298A
:103BF00000F0CD804C68002C01D18C6805E04C6849
:103C0000022C01D1002400E00224D1F810E0D1F808
:103C10001480C64502D3D1F810E001E0D1F814E0D9
:103C2000BEF1090F08D23CF4404C91F82130002B32
:103C300012D05CF4807C11E0BEF1110F03D201239D
:103C400063F38F3CF1E7BEF1210F03D2022363F34C
:103C50008F3CEAE718009BE03CF4807CCB685B1E5D
:103C600013F00F035FEA1C1C5FEA0C1C53EA0C0CF8
:103C7000012363F3196CC0F800C00B7F002B01D047
:103C8000002300E0012363F300054B681B0963F385
:103C90004105CB7E63F304154B7E63F345150B683A
:103CA000012B01D1012300E0002363F3DF75230022
:103CB0005B0863F3820564F3C3054B7F63F3082558
:103CC0008B7F63F34925CB7F63F38A2591F82030FE
:103CD00063F3CB250B7913F0030363F319650562D6
:103CE0000B7E63F308278B7E63F349270B695B1E0A
:103CF00013F01F037F097F011F43C0F8007391F881
:103D0000243003F0FF0310F5417425682D0A2D02BD
:103D10002B4323600B7E63F308264B695B1E13F075
:103D20001F03760976011E43C0F8006291F82C301B
:103D300003F0FF0310F5017425682D0A2D022B43B3
:103D400023600B6BC0F8883F8B6AC0F8C83F91F8BE
:103D5000383010F57064256863F34925256091F8C3
:103D6000391010F574631C6861F3CB241C600021CA
:103D7000C0F8C81E002A09D0002010600020906101
:103D80000020D0600020D06107481062002420008D
:103D9000BDE8F0810140AA00C4DC0810C8DC0810AE
:103DA000CCDC0810D0DC0810EFCDAB00022801D32A
:103DB000012010E00B00DBB2042B01DB01200AE044
:103DC000DFF8CC3803EB8000C9B2405C824201D3FB
:103DD000012000E000207047F8B504000F00150036
:103DE0001E00022C01D301202AE02A003900C9B2AA
:103DF0002000FFF7DBFF012801D1012020E0069819
:103E00003900C9B202291ED1B6F5803F19D2202847
:103E100017D24FF4C052DFF87C1863030B4403EB56
:103E2000850313441F6866F317271F60640321444A
:103E300001EB850111440A6860F3C7020A600020A3
:103E4000F2BD0120FCE7FFB2032F1FD1B6F1807F46
:103E50001AD2202818D24FF4E052DFF83818630342
:103E60000B4403EB850313441F6807F0FF0757EA71
:103E700006271F606403214401EB850111440A6891
:103E800060F3C7020A60DAE70120D9E70120D7E72B
:103E900000B20012C0B27047F8B505000E0017005E
:103EA000280000B2FFF7F4FF04002000C0B202288F
:103EB00001D3012024E03A003100C9B22000C0B291
:103EC000FFF774FF012801D1012019E0DFF8C417C2
:103ED0002000C0B2400308442A00D2B200EB8200A6
:103EE000D0F8000CF6B266F3092067F30700E4B2DD
:103EF00064032144EDB201EB8501C1F8000C002000
:103F0000F2BD70B504000D001600022C01D3012093
:103F10001DE032002900C9B22000FFF747FF012849
:103F200001D1012013E0DFF86C176003085850F04E
:103F3000004050F0407050F47F00EDB265F309206E
:103F400066F307006203885064030859002070BDBF
:103F5000D0F840037047D0F80803C005C00D704783
:103F600010F541710A6852F480320A6010F541710F
:103F70000A6832F480320A60D0F804037047C0F84F
:103F800040127047D0F80802C005C00D7047D0F845
:103F90000802C0F3C030704738B505002800FFF7AD
:103FA000F1FF04002800FFF7F2FF0419002C01D1F3
:103FB000012000E00020C0B232BDC0F8C81F704729
:103FC000D0F8C80F7047C0F8C01FD0F8C00F7047B6
:103FD000C0F8881F7047D0F8880F7047C0F8801F5E
:103FE000D0F8800F7047016851F0004101607047C0
:103FF0002DE9F84F0400012500200020DFF85808C3
:104000002100C9B250F82160D6F80403000601D19E
:10401000042700E001273000FFF7D2FF3900C9B2C2
:10402000084253D03800C0B2012835D13000FFF724
:1040300092FF80465FF0000901E019F10109404656
:10404000C0B2814522DADFF814A82000C0B21AF805
:104050000000411C2200D2B20AF80210DFF800185A
:104060002200D2B2120101EB020BC0B2009030006C
:10407000FFF76EFF00990BF801002000C0B21AF89C
:1040800000001028D9DB3000FFF76AFF0120DFF8BD
:10409000D417E4B2085513E03000FFF759FFDFF8FA
:1040A000C0172200D2B2120188540120DFF8AC17E9
:1040B0002200D2B288540120DFF8A817E4B20855D4
:1040C000FFB239003000FFF77EFF0AE03000FFF753
:1040D00082FF800505D54FF400713000FFF77EFFA9
:1040E00000252800C0B2BDE8F28F38B504001500E5
:1040F000C9B200290ED0102919D0202924D0302986
:104100002FD031293AD0402945D0502950D06029AC
:104110005BD067E0DFF85007A0600120207311201A
:1041200060734FF48C70E0811220208260E0DFF831
:104130003C07A060012020731120607340F21D1025
:10414000E0816B20208253E0DFF82407A06001208B
:104150002073112060734FF48E70E0816A202082FA
:1041600046E0DFF81007A060022020731120607382
:1041700040F21B10E0816920208239E0DFF8F80668
:10418000A060012020731120607340F21B10E081B9
:10419000692020822CE0DFF8E406A0600120207373
:1041A000132060734FF48D70E081682020821FE03F
:1041B000DFF8CC06A060012020731120607340F26C
:1041C0001F10E0816D20208212E0DFF8B806A060A9
:1041D00001202073112060734FF48F70E0816C20F8
:1041E000208205E0DE22DFF8A0160020FEF7F7FFB0
:1041F000EDB2002D0ED0102D19D0202D24D0302D51
:104200002FD0312D3AD0402D45D0502D50D0602D9B
:104210005BD067E0DFF8500620600020207111209D
:1042200060714FF48C70E0811220208261E0DFF831
:104230003C062060002020711120607140F21D10AA
:10424000E0816B20208254E0DFF82406206000200B
:104250002071112060714FF48E70E0816A202082FD
:1042600047E0DFF810062060012020711120607106
:1042700040F21B10E081692020823AE0DFF8F80567
:104280002060002020711120607140F21B10E0813D
:10429000692020822DE0DFF8E405206000202071F5
:1042A000132060714FF48D70E0816820208220E03F
:1042B000DFF8CC052060002020711120607140F2F1
:1042C0001F10E0816D20208213E0DFF8B805206028
:1042D00000202071112060714FF48F70E0816C20FC
:1042E000208206E04FF49172DFF89C150020FEF763
:1042F00076FF31BD38B50400DFF85C55C9B2200047
:10430000C0B255F82000FFF73AFE2000C0B255F8C1
:104310002000FFF741FE0028F7D031BD70B5050041
:104320000E00140006E031782800C0B2FFF7E2FF6B
:10433000641E761C002CF6D170BD38B504000D004B
:1043400005E029782000C0B2FFF7D4FF6D1C287863
:104350000028F6D131BD30B40022DFF80835020064
:10436000D2B29A5C002A2CD0DFF8F4240400E4B224
:104370002401145D0C70DFF8E4440100C9B2615CF3
:10438000491E0500EDB261550100C9B2615C00290A
:1043900012D000210300DBB2E35C99420FDA030084
:1043A000DBB21B0113440500EDB22D0115440D4491
:1043B0006D785D54491CEDE70021C0B2195401200D
:1043C00000E00020C0B230BC704770B505000C00A2
:1043D000DFF884642800C0B256F82000FFF7FBFD28
:1043E0004008400001002800C0B256F82000FFF746
:1043F000EFFD2800C0B256F82000FFF7ECFD30F0CA
:10440000020001002800C0B256F82000FFF7E0FDCE
:104410002800C0B256F82000FFF7DDFD30F0200084
:1044200001002800C0B256F82000FFF7D1FD280097
:10443000C0B256F82000FFF7CEFD30F0400001007A
:104440002800C0B256F82000FFF7C2FD2800C0B215
:1044500056F82000FFF7BFFD30F0100001002800E3
:10446000C0B256F82000FFF7B3FD2800C0B256F8DE
:104470002000FFF7B0FD30F4807001002800C0B2CA
:1044800056F82000FFF7A4FD2800C0B256F820001F
:10449000FFF7A1FD30F4806001002800C0B256F89B
:1044A0002000FFF795FD002C0ED02800C0B256F872
:1044B0002000FFF785FD50F400700100EDB256F8C2
:1044C0002500FFF785FD0DE02800C0B256F820005A
:1044D000FFF776FD30F400700100EDB256F82500CC
:1044E000FFF776FD70BD70B505000C00DFF868635E
:1044F0002800C0B256F82000FFF762FD30F0080037
:1045000001002800C0B256F82000FFF756FD280031
:10451000C0B256F82000FFF753FD30F02000010034
:104520002800C0B256F82000FFF747FD2800C0B2AF
:1045300056F82000FFF744FD30F480700100280099
:10454000C0B256F82000FFF738FD2800C0B256F878
:104550002000FFF735FD30F4007001002800C0B2E4
:1045600056F82000FFF729FD2800C0B256F82000B9
:10457000FFF726FD30F4006001002800C0B256F8B5
:104580002000FFF71AFD2800C0B256F82000D0F82E
:10459000040300061FD1002C5BD12800C0B256F8DE
:1045A0002000FFF70DFD4008400001002800C0B2C8
:1045B00056F82000FFF701FD2800C0B256F8200091
:1045C000FFF7FEFC30F004000100EDB256F82500C4
:1045D000FFF7F3FC70BD002C1DD02800C0B256F8C8
:1045E0002000FFF7EDFC30F0040001002800C0B20D
:1045F00056F82000FFF7E1FC2800C0B256F8200072
:10460000FFF7DEFC50F001000100EDB256F8250086
:10461000FFF7D3FCDEE72800C0B256F82000FFF712
:10462000CFFC30F0040001002800C0B256F8200092
:10463000FFF7C3FC2800C0B256F82000FFF7C0FC0B
:10464000400840000100EDB256F82500FFF7B5FC28
:10465000C0E72800C0B256F82000FFF7B1FC4008C0
:10466000400001002800C0B256F82000FFF7A5FC6A
:104670002800C0B256F82000FFF7A2FC50F004005A
:104680000100EDB256F82500FFF797FCA2E7000005
:1046900094DC0810000004402DE9F0412DED028B60
:1046A000A8B005000E00170028003900C9B209099A
:1046B000C0B2884201D1012000E000201C00DFF8D8
:1046C000C8814FF421724146C0B2FEF788FD280030
:1046D0002100C9B20909C0B2884201D1012000E01D
:1046E000002040F285224146C0B2FEF778FD02A8C4
:1046F000142100F0FDFB342100220DF16808404632
:10470000FEF74AFE4C2100220DF11C084046FEF740
:1047100043FE082080B206FB00F65C48B0FBF6F8CA
:104720005A4806FB180000EE100AB8EE400B01EEE6
:10473000106AB8EE411B80EE010BBFEEED0B10EEE0
:10474000100B08EE100A2200D2B23900C9B202A83A
:10475000FFF7CBFC08201B909DF80D008DF8700032
:104760001AAA9DF80C100298FFF7E9F906201B9091
:104770009DF815008DF870001AAA9DF81410049881
:10478000FFF7DDF900200790082008900820099025
:1047900002200B9000200C9000201290002014901A
:1047A0002D4C2800C0B254F8200000F0E7FC384936
:1047B0002A00D2B2382042430A4407A92800C0B2D6
:1047C00054F8200000F098FB2800C0B254F82000F4
:1047D000FFF709FC2A00D2B20321BDF91600FFF74A
:1047E0005BFBBDF91600FFF753FB8DED008AB8F1B6
:1047F000010843462A00D2B20321C0B2FFF7ECFA07
:10480000BDF91600FFF744FB2A00D2B20321C0B263
:10481000FFF777FBBDF91800ADF800000320ADF8F5
:10482000020001208DF8040007221A482900C9B2AD
:1048300050F82110684600F0BDF900212800C0B2F0
:10484000FFF751FE00212800C0B2FFF7BEFD28B0DF
:10485000BDEC028BBDE8F081A8C0022888AC03281B
:1048600034A8032890AC03280000314000023140F6
:10487000000531408008314080063140000731405A
:104880000001314080013140A8D9081000B4C404AF
:10489000249F03288CC0022800F10103810704D063
:1048A00010F8011B820781B1FAD10268A2F101312F
:1048B000914311F0803104BF50F8042FF6E709BA94
:1048C000B1FA81F100EBD100401CC01A7047000022
:1048D0000CB430B583B00A4606A9029104460025FF
:1048E0000194009502AB01A9084878441E3000F0FD
:1048F00090FC019A157000284EBF04460198041BD5
:10490000204603B030BC5DF80CFB00BFF3EAFFFFAC
:1049100082688918816003E082684169521A826066
:10492000816842699142F7D270472DE9F84305004A
:104930001600002D01D0012000E000200C00AA226A
:10494000DFF8C011C0B2FEF74AFC00270020002C9F
:1049500001D10327B5E0287810F0050F01D0042716
:10496000AFE0287850F0040028702869B042C0F009
:10497000A380D5F81480A868B8EB0008B04567D2CA
:104980006878002803D0022841D01FD390E0424627
:1049900021006868AB6800EB0309484601F08EFB14
:1049A00041462800FFF7B4FFB6EB080204EB08010C
:1049B0006868AB6800EB0304200001F07FFBB6EBF6
:1049C000080841462800FFF7A3FF71E05FEA4802AC
:1049D00021006868AB6800EB4309484601F06EFBB4
:1049E00041462800FFF794FFB6EB0802520004EBA3
:1049F00048016868AB6800EB4304200001F05EFBEF
:104A0000B6EB080841462800FFF782FF50E05FEA56
:104A1000880221006868AB6800EB8309484601F012
:104A20004DFB41462800FFF773FFB6EB08029200EA
:104A300004EB88016868AB6800EB8304200001F098
:104A40003DFBB6EB080841462800FFF761FF2FE069
:104A50006878002803D002281DD00ED328E0320049
:104A600021006868AB6800EB0304200001F026FB1E
:104A700031002800FFF74CFF1AE07200210068683F
:104A8000AB6800EB4304200001F018FB3100280064
:104A9000FFF73EFF0CE0B20021006868AB6800EB56
:104AA0008304200001F00AFB31002800FFF730FFEB
:104AB0002869861B2E6100E00527287810F0FB008E
:104AC00028703800C0B2BDE8F283F8B504000E00CB
:104AD00017001D00002C01D0012000E000204FF441
:104AE00007720849C0B2FEF77AFB00206760002118
:104AF000217066700021A1600021E160256165617F
:104B0000C0B2F2BD38D70810010009B2002908D49C
:104B1000012210F01F018A401B4900B2400941F8F0
:104B200020207047010009B2002908D4012210F0AA
:104B30001F018A40154900B2400941F82020704702
:104B4000020012B2002A04D44901114A00B21154E1
:104B500007E049010F4A00B210F00F00104400F8BE
:104B6000041C7047002800D162B60B480168491C3C
:104B70000160704772B608490868002802D00868CA
:104B8000401E08600868704700E100E080E200E035
:104B900000E400E018ED00E084AD032880B5FFF7E5
:104BA000E9FF02F0B7F801BD80B5C9B200B2FFF766
:104BB000C7FF01BD70B504000D001600200002F013
:104BC000DDF92900B4F9000002F017FA3100C9B28A
:104BD000B4F90200FFF7E8FFB4F90200FFF7A2FF03
:104BE000B4F90200FFF790FF70BD000010B5044655
:104BF000AFF30080204600F005F80446AFF30080D4
:104C0000204610BDF8B500F10F04E408E400A0420E
:104C10002BD2082C04D2082402E0083000F047F818
:104C2000DFF800211368190005D1002007E00568AE
:104C3000A5420DD2011D08680028F8D11868111D81
:104C400000E0191D0B6883420BD01D68A542F8D304
:104C500059B10B6818680838A04208D25868086033
:104C60000FE002F0E1F90028D7D10020F2BD1819B9
:104C700008601D1D586828511E680F68361B3E606D
:104C80001C60096800291DBF48680028081D002015
:104C9000106003F10800F2BD10B5040006D0AFF3B8
:104CA0000080204600F003F8AFF3008010BD00281C
:104CB00000D1704770B4A0F108021368072B2ED9F9
:104CC00013F0070F2BD1DFF85C40616809B18A420D
:104CD00003D25160626015E00146486808B1904215
:104CE000FAD308680E18B24219D3964203D11B18A2
:104CF0000B600A4606E0486810B1134498420ED390
:104D000050604A60506850B11368D518854206D18A
:104D1000002626600168CB1813604068506070BCA4
:104D20007047000098AC0328012002F093B9FFF708
:104D3000B3BF000010B4012291F84C30052B03D210
:104D400091F84D30052B01D31000A7E0002800F0AA
:104D5000A480002900F0A180514A12684B7963F3C6
:104D600092428B7913F0030363F311420B7A13F031
:104D7000070363F31A62CB7963F39E720B7D63F3CF
:104D8000000291F8243063F3410202600A7910F1C5
:104D900030031C6862F307041C604A79012A0BD1B6
:104DA0008A79002A02D10022826007E08A79012AEA
:104DB00004D10A68826001E001228260CA6802614F
:104DC0000A694261CA6982610A6AC2610A6802624A
:104DD000344A12680B7E03F0FF03120A12021A43D0
:104DE00091F8303003F0FF0363F3174291F840303D
:104DF00003F0FF0363F31F6291F8483003F0FF03F1
:104E000063F30F224264284A126891F8383003F0A5
:104E1000FF03120A12021A4391F8283003F0FF032D
:104E200063F30F228264214A12688B7D13F003031F
:104E3000920892001A4391F8253013F0030363F3AC
:104E40008B2291F82C3013F0030363F3051291F8D1
:104E5000343013F0030363F3092291F83C3013F06C
:104E6000030363F3871291F8443013F0030363F3F1
:104E70008302C2640E4A126891F84C3013F00703A3
:104E8000D208D2001A4391F84D3013F0070363F3B0
:104E900006124265497D81670022100010BC7047F0
:104EA0000CDD081010DD081014DD081018DD0810E6
:104EB0001CDD0810016851F00041016070478160FD
:104EC0007047806870477830016851F001010160D7
:104ED000704710F170010A6852F001020A60006F19
:104EE00070474030016851F01001016070470000C8
:104EF000002202F0B9B800002DE9F44FDFF8D82203
:104F0000DFF8D8321B68DFF8D8422468DFF8D452C3
:104F10002D68DFF8D4623668DFF8D0723F68DFF8BA
:104F2000D0C2DCF800C0DFF8CCE2DEF800E0DFF849
:104F3000C882D8F80080DFF8C492D9F80090DFF872
:104F4000C0A2DAF800A0002800F01581002900F0C6
:104F500012810A68022A06D191F82620002A02D17D
:104F60005FF0000B03E0D1F804B0BBF1010B91F846
:104F70002420002A01D0012200E0002262F3104325
:104F800033F440436BF30303022262F319630360BB
:104F90000A7812F0030262F31964046491F8252080
:104FA000002A01D0012200E0002262F38615CA7EA9
:104FB000002A01D0012200E0002262F38A254A7E05
:104FC000002A01D0012200E0002262F308258A7E37
:104FD000002A01D0012200E0002262F349258A6BF9
:104FE000521E12F00F0262F313450A69521E12F0AC
:104FF0000702ED08ED0015434A6962F304154A699A
:10500000520862F3451585640A7B002A01D001220B
:1050100000E0002262F308260A7E002A01D0012265
:1050200000E0002262F349268A68521E12F01F0235
:10503000760976011643C0F800630A7F02F0FF028A
:105040003F0A3F02174391F8202002F0FF0262F36B
:105050001747C0F8107391F82720002A01D00122C9
:1050600000E0002262F3082C0A69521E12F00702C7
:105070005FEADC0C5FEACC0C52EA0C0C4A6962F382
:10508000041C4A69520862F3451CC0F844C00A7BFC
:10509000002A01D0012200E0002262F3082E8A6873
:1050A000521E12F01F025FEA5E1E5FEA4E1E52EAB7
:1050B0000E0E0A68012A01D1012200E0002262F3EB
:1050C000104EC0F800E291F83C2002F0FF025FEAC7
:1050D00018285FEA082852EA0808C0F8048391F803
:1050E0002820002A01D0012200E0002262F3596941
:1050F000CA6A012A01D1012200E0002262F3186984
:105100004A6B012A01D1012300E00023009A63F3D6
:10511000104991F8303003F0FF035FEA19295FEA84
:10512000092953EA0909C0F8509091F8443003F076
:10513000FF035FEA1A2A5FEA0A2A53EA0A0AC0F85A
:1051400004A28B6CC0F8883F096CC0F8C81F002A05
:1051500010D00020506000201060002090600020DF
:10516000D060002010620020D06200201063DFF8C1
:105170009400506300221000BDE8F28FDFF8881021
:1051800001605FF4401101640021816440F2071165
:10519000C0F800130022C0F804230022C0F8102336
:1051A00000224264C0F800120021C0F8041200215D
:1051B00001650021C0F8C81E0021C0F8881E00212A
:1051C000C0F8C81F0021C0F8881F0021C0F8081FC0
:1051D0000021C0F8481F70470160AA00D4DC081005
:1051E000D8DC0810DCDC0810E0DC0810E4DC081077
:1051F000E8DC0810ECDC0810F0DC0810F4DC081027
:10520000F8DC0810EFCDAB000F00000340F02000E9
:1052100070472DE9F14FB0B0924604910DF1420173
:105220003A9A2B9199464A7000200AE01AF8011B1D
:105230000498309A90470028049000F034860D9826
:10524000401C0D909AF8000050B12528EED10021A5
:1052500000220791089209910A920B910C9204E0A6
:105260000D9800F022BE41F001011AF8010F20282C
:10527000F9D023280CD02B2804D02D2805D0302895
:1052800009D00BE041F00201EFE741F00401ECE747
:1052900041F00801E9E741F01001E6E72A280FD1C3
:1052A000D9F8002052F8040BC9F8002000280F900C
:1052B00003D540420F9041F004010AF1010A14E0C5
:1052C0000F92DFF8EC3B0AE00F98984205DA00EB0A
:1052D000800402EB4402303A0F920AF1010A9AF874
:1052E0000020A2F130000A28EED39AF800002E2800
:1052F00003D04FF0FF320E9229E01AF8010F2A284E
:1053000009D1D9F8000050F8042BC9F800000E921A
:105310000AF1010A1BE02D280CBF0AF1010A002046
:1053200000220E92DFF8884B0BE040B90E9AA242A1
:1053300005DA02EB820503EB4503303B0E930AF1DD
:10534000010A9AF80030A3F130020A2AEDD3ADF831
:1053500040100FF660309AF8001001F09FFE08B17F
:105360001AF8010B8DF842009DF84200682805D11B
:105370009AF8000068280CD1622106E06C2804BF6E
:105380009AF800006C2804D171218DF842100AF1BE
:10539000010A12A806901AF801BBBBF125012CD016
:1053A0001C3900F09481091F022940F290811339C1
:1053B00000F0AB84093900F08A81891E00F0408535
:1053C000491E00F0ED84491E022940F28081091F28
:1053D00000F0E684491F00F0EF80491E00F095843C
:1053E000491E00F0D780C91E0CD0891E00F08D84A4
:1053F000C91E00F08A8400F02EBD012307932521E9
:1054000000F026BDD9F8000050F8044BC9F80000A0
:10541000002C059440F0AB802B994878002800F0D0
:10542000A1804FF0FF340FF6942001F043FE241AC0
:1054300040F0398500F01BBD01236A4602A93046C1
:1054400000F000FE002840F02E85641EF4D1309656
:10545000079C12AF74B1309E17F8011B0498B04737
:105460000028049000F01F850D98401C641E0D90CC
:10547000F2D130960A9C3021002C8DF800100CDD02
:10548000309E01236A4602A9304600F0DBFD002869
:1054900040F00985641EF4D13096059F089C74B1D4
:1054A000309E17F8011B0498B0470028049000F0C4
:1054B000FA840D98401C641E0D90F2D130960B9C1E
:1054C0003021002C8DF800100CDD309E01236A463F
:1054D00002A9304600F0B6FD002840F0E484641EC6
:1054E000F4D1309605980899099C471874B1309EFC
:1054F00017F8011B0498B0470028049000F0D384EB
:105500000D98401C641E0D90F2D130960C9C3021F9
:10551000002C8DF800100CDD309E01236A4602A994
:10552000304600F08FFD002840F0BD84641EF4D1A9
:1055300030969DF8400041077FF584AE2020002D75
:105540008DF800007FF77EAE309C01236A4602A9E9
:10555000204600F077FD002840F0A5846D1EF4D1B0
:1055600030946FE60FF63C30059000F080BC0E9D45
:10557000002D04D52046FFF78FF9044607E02A46A0
:10558000204601F0B7FD002814BF041B2C460894E8
:1055900000F06DBCD9F8001051F8040BC9F80010E8
:1055A00020F00004002121F0FF35CDE9024512ABC7
:1055B0000593782100F040BC2B99487820B14FF03A
:1055C000FF340FF6B02030E79DF84200622860D02B
:1055D000682817D06A283FD06C2806D0712847D099
:1055E00074282CD07A281DD062E0D9F8001051F828
:1055F000040BC9F80010002866D14FF0FF340FF6F5
:105600008C2012E7D9F8001051F8040BC9F80010EB
:1056100020B94FF0FF340FF6742006E70D99018092
:1056200000F025BCD9F8001051F8040BC9F800109F
:10563000002849D14FF0FF340FF65020F5E6D9F895
:10564000001051F8040BC9F8001000283CD14FF0AD
:10565000FF340FF63820E8E6D9F8001051F8040BB3
:10566000C9F8001080B94FF0FF340FF62020DCE6B7
:10567000D9F8001051F8040BC9F8001020B94FF008
:10568000FF340FF60820D0E60D9AD317C0E90023A7
:10569000EDE3D9F8001051F8040BC9F8001020B957
:1056A0004FF0FF340FF6E410BFE60D990170DEE312
:1056B000D9F8001051F8040BC9F8001020B94FF0C8
:1056C000FF340FF6C810B0E60D990160CFE39DF8E6
:1056D00042004C2807BFD9F80010CA1DD9F80000B5
:1056E000C21D22F00702C9F80020D2E900010832E9
:1056F000C9F80020CDE90201C80F02D007982D217A
:105700000AE0BDF84000810702D507982B2103E08D
:10571000C00705D50798202112AA1154401C0790F4
:1057200012A807994BF0200300EB010CDDE9020100
:10573000CDE92C01612BCDF814C021AC0BD00E9813
:10574000002848BF062105D404BF4BF0200067287D
:1057500001D101210E91DDE902014F0047EAD07726
:105760007E15FF174FF0FF32974208BF964210D1C7
:10577000090341EA10510003002908BF002808D09E
:10578000ABF1610503211A2D089118D30FF61C11F6
:1057900010E0DDE902014A00521512F1010F11D1AA
:1057A00008030FD1ABF1610503211A2D08911FD316
:1057B0000FF600110322604600F080FC57E30FF65D
:1057C000E801F7E7DDE902016A4601F0BFFCCDE937
:1057D00002014BF02000612811D1059830210170A1
:1057E000821C0592BBF1610F0CBF7821582102E0A9
:1057F0000FF6BC01DEE741700798801C0790DDE9D9
:10580000020120F0000231F0004308BF002A02D15B
:105810000026002542E14BF02008B8F1610F40F06E
:1058200092800E98002847BF21210191401C0190D1
:10583000019FDDE92C017F1C00220023DDE90245E8
:1058400001F0BCFC38BF85F0004500998DF884203C
:10585000091F002F00910DF1850632DD20462946F3
:105860000022002301F0C4FC2BD21C2201F0DAFC40
:1058700004460D4601F058FDFF1F002F804609DD4C
:1058800001F059FD02460B462046294601F05AFD1B
:1058900004460D46F01D0721B8F1000F0CDD491E2E
:1058A0005EBF08F00F0200F8012D4FEA2818F3D56B
:1058B00002E0002200F8012D491EFAD5C61D002F76
:1058C000CCDC0DF18500361A01980DF18504864275
:1058D000D8BF304600282FD4B04206DA0DF185013A
:1058E0000A5C082AA8BF0F2100DA0021024621AB7A
:1058F000134400E0401E13F80159521E8D42F9D0A6
:105900000F2904D10DF185018B5C5B1C8B54002A9F
:1059100004D50099091D21AC401C0091411E0BD4F7
:10592000621813783033DDB23A2DA4BF5B443A3BA2
:10593000491E02F80139F4D50E99002940F1AC80D6
:10594000421E0E92A8E00099DFF8E82647F2975031
:10595000414391FBF2F20092DDE92C45C2F10702CE
:10596000002A25F0004504DD2046294600F03EFBD4
:105970000BE052420020DFF8C01600F037FB024671
:105980000B462046294601F0E6FC04460D46B8F1D8
:10599000660F06BF009F0A3706270E983F18142F80
:1059A000C8BF142730208DF884000DF18506002F24
:1059B00034DD2046294601F0D7FC01460A4606F1AF
:1059C000080304200A26B2FBF6F606EB860EA2EBCD
:1059D0004E02303203F8012C0A22B6FBF2F202EB3F
:1059E000820EA6EB4E063036401E03F8026DE9D15A
:1059F000083F002F03F10806D9DD084601F0BBFC83
:105A000002460B462046294601F09CFC0022DFF8A6
:105A10002C3601F0B7FC04460D46CAE70DF18500AF
:105A2000361A0DF1850404E00098401E761E0090A1
:105A3000641C20783028F7D0B8F1660F02D10098A6
:105A4000401C04E0B8F1650F0CBF012000200E9946
:105A500040188642B8BF701E00281DD4B04204DA38
:105A6000215C3429C8BF392100DC30210246631E85
:105A70009D1800E0401E15F80169521E8E42F9D0B3
:105A8000392902D1A15C491CA154002A04D50099EE
:105A9000491C1C46401C00910646009D0E9F30B2DA
:105AA000002802DC01260FF210644BF0200066286B
:105AB00008BF6D1C15D067280FFA85F841D118F181
:105AC000040F44DBB84542DA9DF840006D1C010725
:105AD00003D430B2B842D8BF074628B23F1A48BFF5
:105AE00000270FFA85F8B8F1000F00F3AF8008988F
:105AF000411C0891302205990A54002F03DC9DF8BF
:105B00004000010705D50898411C08912E220599EF
:105B10000A5417EB080FB8BF7D422DB26842ED1949
:105B200032B20B909542B8BF2E46059B089836B20C
:105B3000099632462146184400F0C0FAAD1B0C9578
:105B4000CCE0BBF1610F15D14FF0700B17E030B214
:105B5000B84204DA9DF840100A0758BF07467F1E76
:105B600048BF0027BBF1670F14BF4FF0450B4FF044
:105B7000650B04E0BBF1410F08BF4FF0500B0898D4
:105B8000411C0891002F059914F8012B0A5403DCDD
:105B90009DF84000010719D50898411C08912E2254
:105BA00005990A54002F11DD761E30B28742B8BF26
:105BB0003E460598089B32B22146184400F07EFA12
:105BC000089836B23018BF1B08900B9705980899B3
:105BD0000844B8F1000F80F800B003D42B224270C3
:105BE000821C04E02D2145464170821C6D4200213B
:105BF0002CAB28460AE004460A2094FBF0F000EBA8
:105C00008005A4EB450403F8014B491C00B20028B1
:105C1000F1DC012906DC4BF02000652804BF3020B0
:105C200002F8010B00292CAB08D1302002F8010B3F
:105C300006E0491E585C303002F8010B0029F8DC00
:105C4000059908980844121A099247E030B229B21F
:105C500088421BDA0598089B32B22146184400F0AE
:105C60002DFA089936B271180891A8EB0600002F9A
:105C70000B9003DC9DF84000020705D5059A2E2005
:105C800050540999491C09910C9727E00598089BE5
:105C90002AB22146184400F011FA0898761B4044B5
:105CA000002F089003DC9DF840100A0704D5411C22
:105CB00008912E2205990A5430B28742B8BF3E4659
:105CC0000598089B32B204EB0801184400F0F6F97D
:105CD000089836B23018BE1B08900B969DF840000D
:105CE00000F01400102840F0C280079A08980B9921
:105CF000821809988A1882180C980F99801888427F
:105D000080F2B580081A0A90B1E09DF8420062283E
:105D100008D068280ED06A2814D06C281FD07128AB
:105D200010D01CE0D9F8001051F8040BC9F800108D
:105D3000C0B21AE0D9F8001051F8040BC9F80010ED
:105D400080B212E0D9F80000C21D22F00702C9F8A3
:105D50000020D2E900010832C9F8002006E0D9F895
:105D6000001051F8040BC9F800100021CDE9020120
:105D70009DF8400001075AD5DDE90223002B08BF3A
:105D8000002A54D04BF02000782850D1079812A94F
:105D900030220A54401C431C079301F800B046E02F
:105DA0009DF84200622808D068280ED06A2814D0D6
:105DB0006C281FD0712810D01CE0D9F8001051F8C1
:105DC000040BC9F8001040B21AE0D9F8001051F8DD
:105DD000040BC9F8001000B212E0D9F80000C21D8F
:105DE00022F00702C9F80020D2E900010832C9F800
:105DF000002006E0D9F8001051F8040BC9F8001093
:105E0000C117CDE90201002902D507982D210AE02A
:105E1000BDF84000810702D507982B2103E0C00799
:105E200005D50798202112AA1154401C079012A8EA
:105E3000079901440591594602A800F04DF816E073
:105E400001200790D9F8000050F8041BC9F80000A1
:105E50008DF848100BE001212522BBF1000F0791BE
:105E60008DF8482003D0022207928DF849B00F9D8B
:105E700007990A986D1A08992D1A0B986D1A0999A5
:105E80002D1A0C986D1A9DF840102D1A48073FF5F1
:105E9000DFAA2021002D8DF800107FF7D9AA309EAF
:105EA0002C46FFF7C9BA4FF0FF3031B0BDE8F08F94
:105EB000CBCCCC0C686A6C747A4C00007072696E42
:105EC00074665F733A206261642025732061726793
:105ED000756D656E740000002DE9FC4707468A4623
:105EE0003C6950466F2808BF082505D0FFF78EF99A
:105EF000782814BF0A251025D7E900013C268046E2
:105F00008946BAF1640F18BFBAF1690F05D10029AB
:105F100003D5D8F1000869EB4909B9F1000F08BFB2
:105F2000B8F1000F0CD1386B50B9082D3AD197F861
:105F30003800010736D530223B2684F83B2031E07B
:105F40008DF800A0404649462A46EB1701F024FA96
:105F50003032D0B2761E3A2801960EDAA25540466B
:105F600049462A46EB1701F017FA80465FEA010915
:105F700008BFB8F1000F05D108E09DF80000121825
:105F8000513AEBE7F868A1198842DBD3082D09D113
:105F900097F83800010705D5A05D302802D0761E9D
:105FA0003020A055C6F13C03BB61A119F960386BE4
:105FB000834208DAC31A3B624FF6EF70398F014013
:105FC0003987BDE8F38700280ED597F8380000F030
:105FD0001400102808D17A6B7969386A521A121A9B
:105FE000D21A002AC8BF3A62BDE8F3872DE9D04330
:105FF00006460F4614464FF00008DFF8449012E0C2
:10600000E00707D542464B463046394601F0BAF91B
:1060100006460F464046494642464B4601F0B2F915
:10602000641080468946002CEAD130463946BDE8E6
:10603000D0830000A08601000000F03F84D7974184
:1060400000002440F8B505460E4617461C460020C1
:106050005CB117F8011BB068A847B06030B1F06AB6
:10606000401CF0620020641EF3D1F2BD4FF0FF30FF
:10607000F2BD00007072696E74665F733A20256E1F
:1060800020646973616C6C6F776564007072696E0F
:1060900074663A2062616420256E20617267756DB6
:1060A000656E7400000000006E616E004E414E008F
:1060B000696E6600494E46003000000062B38B07EF
:1060C00008D0521E11F8013B00F8013B00F024807B
:1060D0008B07F6D1830740F0208000BF103A07D32A
:1060E00030B4B1E83810103AA0E83810F9D230BC1A
:1060F000530724BFB1E80810A0E8081044BF51F8C6
:10610000043B40F8043BD20724BF31F8022B20F8AF
:10611000022B44BF0B7803707047121F17D35B002C
:1061200009D151F8043B20F8023B1B0C121F20F848
:10613000023BF6D20BE051F8043B00F8013B1B0A8E
:1061400020F8023B1B0C121F00F8013BF3D238BFB2
:10615000121D521E24BF11F8013B00F8013BF8D874
:1061600070470000022801D3012010E00B00DBB2D1
:10617000042B01DB01200AE0DFF8283803EB800064
:10618000C9B2405C824201D3012000E00020704788
:10619000F8B506000F0015001C00022E01D30120E7
:1061A0001DE02A003900C9B23000FFF7DBFF0128EB
:1061B00001D1012013E03800C0B2002812D1B4F59B
:1061C000807F0DD2DFF8E0077603304400EB8500D6
:1061D00010F58050016864F30F2101600020F2BDCA
:1061E0000120FCE7FFB2012F11D1B4F5803F0CD2A2
:1061F000DFF8B4077603304400EB850010F5A050BB
:10620000016864F317210160E8E70120E7E7012056
:10621000E5E700B20012C0B27047F8B505000E0005
:106220001700280000B2FFF7F4FF04002000C0B2FE
:10623000022801D3012024E03A003100C9B2200035
:10624000C0B2FFF78FFF012801D1012019E0DFF86C
:1062500058172000C0B2400308442A00D2B200EB15
:106260008200D0F8000CF6B266F3092067F307004D
:10627000E4B264032144EDB201EB8501C1F8000CE6
:106280000020F2BD70B504000D001600022C01D3F1
:1062900001201DE032002900C9B22000FFF762FF93
:1062A000012801D1012013E0DFF8FC166003085833
:1062B00050F0004050F0407050F47F00EDB265F3B4
:1062C000092066F307006203885064030859002020
:1062D00070BD10B5C0B2002800F0EA80022800F0BE
:1062E000EB80C0F0E780042800F0EA80C0F0E68090
:1062F000062800F0E980C0F0E580082800F0E8807A
:10630000C0F0E4800A2800F0E780C0F0E3800C28A9
:1063100000F0E680C0F0E2800E2800F0E580C0F0DA
:10632000E180102800F0E480C0F0E080122800F046
:10633000E380C0F0DF80142800F0E280C0F0DE804F
:10634000162800F0E180C0F0DD80182800F0E08021
:10635000C0F0DC801A2800F0DF80C0F0DB801C2851
:1063600000F0DE80C0F0DA801E2800F0DD80C0F092
:10637000D980202800F0DC80C0F0D880222800F0EE
:10638000DB80C0F0D780242800F0DA80C0F0D6800F
:10639000262800F0D980C0F0D580282800F0D880C9
:1063A000C0F0D4802A2800F0D780C0F0D3802C28F9
:1063B00000F0D680C0F0D2802E2800F0D580C0F04A
:1063C000D180302800F0D480C0F0D080322800F096
:1063D000D380C0F0CF80342800F0D280C0F0CE80CF
:1063E000362800F0D180C0F0CD80382800F0D08071
:1063F000C0F0CC803A2800F0CF80C0F0CB803C28A1
:1064000000F0CE80C0F0CA803E2800F0CD80C0F001
:10641000C980402800F0CC80C0F0C880422800F03D
:10642000CB80C0F0C780442800F0CA80C0F0C6808E
:10643000462800F0C980C0F0C580482800F0C88018
:10644000C0F0C4804A2800F0C780C0F0C3804C2848
:1064500000F0C680C0F0C2804E2800F0C580C0F0B9
:10646000C180502800F0C480C0F0C080522800F0E5
:10647000C380C0F0BF80542800F0C280C0F0BE804E
:10648000562800F0C180C0F0BD80582800F0C080C0
:10649000C0F0BC805A2800F0BF80C0F0BB805C28F0
:1064A00000F0BE80C0F0BA805D2800F0BB80BBE089
:1064B0001924BFE03124BDE01824BBE03324B9E047
:1064C0003524B7E01424B5E03724B3E01324B1E059
:1064D0002024AFE01224ADE02124ABE01124A9E098
:1064E0001024A7E02824A5E02924A3E02A24A1E081
:1064F00009249FE02B249DE008249BE02C2499E0B4
:10650000032497E0022495E0392493E03B2491E0B2
:106510003D248FE001248DE03F248BE0002489E0BE
:10652000402487E0412485E0422483E0432481E045
:10653000BF247FE048247DE049247BE0BC2479E04F
:10654000992477E09A2475E0502473E09B2471E04D
:10655000B6246FE051246DE09C246BE0B52469E023
:10656000522467E0A02465E0B42463E0532461E092
:10657000B3245FE054245DE0B2245BE0B12459E031
:10658000AD2457E0602455E0AE2453E0612451E08F
:10659000AD244FE062244DE063244BE0AB2449E09E
:1065A000642447E0AA2445E0652443E0A92441E0AF
:1065B000A8243FE069243DE06B243BE06D2439E0F2
:1065C0006F2437E0A32435E0702433E0A22431E0C7
:1065D00071242FE0A1242DE097242BE0962429E0BC
:1065E000742427E0952425E0752423E0942421E0F9
:1065F00093241FE092241DE078241BE0792419E005
:106600008C2417E07A2415E08B2413E07B2411E01E
:106610008A240FE05A240DE059240BE0892409E074
:10662000582407E0882405E09D22DFF84019002067
:10663000FCF7D5FD2000C0B210BD10B5C0B20028D7
:1066400000F0EA80022800F0EB80C0F0E780042828
:1066500000F0EA80C0F0E680062800F0E980C0F093
:10666000E580082800F0E880C0F0E4800A2800F007
:10667000E780C0F0E3800C2800F0E680C0F0E28004
:106680000E2800F0E580C0F0E180102800F0E480E2
:10669000C0F0E080122800F0E380C0F0DF80142812
:1066A00000F0E280C0F0DE80162800F0E180C0F04B
:1066B000DD80182800F0E080C0F0DC801A2800F0AF
:1066C000DF80C0F0DB801C2800F0DE80C0F0DA80C4
:1066D0001E2800F0DD80C0F0D980202800F0DC808A
:1066E000C0F0D880222800F0DB80C0F0D7802428BA
:1066F00000F0DA80C0F0D680262800F0D980C0F003
:10670000D580282800F0D880C0F0D4802A2800F056
:10671000D780C0F0D3802C2800F0D680C0F0D28083
:106720002E2800F0D580C0F0D180302800F0D48031
:10673000C0F0D080322800F0D380C0F0CF80342861
:1067400000F0D280C0F0CE80362800F0D180C0F0BA
:10675000CD80382800F0D080C0F0CC803A2800F0FE
:10676000CF80C0F0CB803C2800F0CE80C0F0CA8043
:106770003E2800F0CD80C0F0C980402800F0CC80D9
:10678000C0F0C880422800F0CB80C0F0C780442809
:1067900000F0CA80C0F0C680462800F0C980C0F072
:1067A000C580482800F0C880C0F0C4804A2800F0A6
:1067B000C780C0F0C3804C2800F0C680C0F0C28003
:1067C0004E2800F0C580C0F0C180502800F0C48081
:1067D000C0F0C080522800F0C380C0F0BF805428B1
:1067E00000F0C280C0F0BE80562800F0C180C0F02A
:1067F000BD80582800F0C080C0F0BC805A2800F04E
:10680000BF80C0F0BB805C2800F0BE80C0F0BA80C2
:106810005D2800F0BB80BBE00824C0E00824BEE097
:106820000824BCE00824BAE00824B8E00824B6E054
:106830000824B4E00824B2E00824B0E00824AEE064
:106840000824ACE00824AAE00824A8E00824A6E074
:106850000824A4E00824A2E00824A0E008249EE084
:1068600008249CE008249AE0082498E0082496E094
:10687000082494E0082492E0082490E008248EE0A4
:1068800008248CE008248AE0082488E0082486E0B4
:10689000082484E0082482E0082480E008247EE0C4
:1068A00008247CE008247AE0082478E0082476E0D4
:1068B000082474E0082472E0082470E008246EE0E4
:1068C00008246CE008246AE0082468E0082466E0F4
:1068D000082464E0082462E0082460E008245EE004
:1068E00008245CE008245AE0162458E0082456E006
:1068F000082454E0082452E0082450E008244EE024
:1069000008244CE008244AE0082448E0082446E033
:10691000082444E0082442E0082440E008243EE043
:1069200008243CE008243AE0082438E0082436E053
:10693000082434E0082432E0082430E008242EE063
:1069400008242CE008242AE0082428E0082426E073
:10695000082424E0082422E0082420E008241EE083
:1069600008241CE008241AE0082418E0082416E093
:10697000082414E0082412E0082410E008240EE0A3
:1069800008240CE008240AE0082408E0082406E0B3
:106990004FF48672DFF8D4150020FCF720FC2000AD
:1069A000C0B210BD94DC08100000044080B5C0B235
:1069B000002800F0EA80022800F0EB80C0F0E780B9
:1069C000042800F0EA80C0F0E680062800F0E980A4
:1069D000C0F0E580082800F0E880C0F0E4800A28D4
:1069E00000F0E780C0F0E3800C2800F0E680C0F003
:1069F000E2800E2800F0E580C0F0E180102800F071
:106A0000E480C0F0E080122800F0E380C0F0DF8076
:106A1000142800F0E280C0F0DE80162800F0E1804B
:106A2000C0F0DD80182800F0E080C0F0DC801A287B
:106A300000F0DF80C0F0DB801C2800F0DE80C0F0BA
:106A4000DA801E2800F0DD80C0F0D980202800F018
:106A5000DC80C0F0D880222800F0DB80C0F0D78036
:106A6000242800F0DA80C0F0D680262800F0D980F3
:106A7000C0F0D580282800F0D880C0F0D4802A2823
:106A800000F0D780C0F0D3802C2800F0D680C0F072
:106A9000D2802E2800F0D580C0F0D180302800F0C0
:106AA000D480C0F0D080322800F0D380C0F0CF80F6
:106AB000342800F0D280C0F0CE80362800F0D1809B
:106AC000C0F0CD80382800F0D080C0F0CC803A28CB
:106AD00000F0CF80C0F0CB803C2800F0CE80C0F02A
:106AE000CA803E2800F0CD80C0F0C980402800F068
:106AF000CC80C0F0C880422800F0CB80C0F0C780B6
:106B0000442800F0CA80C0F0C680462800F0C98042
:106B1000C0F0C580482800F0C880C0F0C4804A2872
:106B200000F0C780C0F0C3804C2800F0C680C0F0E1
:106B3000C2804E2800F0C580C0F0C180502800F00F
:106B4000C480C0F0C080522800F0C380C0F0BF8075
:106B5000542800F0C280C0F0BE80562800F0C180EA
:106B6000C0F0BD80582800F0C080C0F0BC805A281A
:106B700000F0BF80C0F0BB805C2800F0BE80C0F099
:106B8000BA805D2800F0BB80BBE00020C0E00020A0
:106B9000BEE00120BCE00120BAE00220B8E0032002
:106BA000B6E00320B4E00420B2E00420B0E0052009
:106BB000AEE00520ACE00620AAE00720A8E009200E
:106BC000A6E00A20A4E00B20A2E00B20A0E00C200D
:106BD0009EE00C209CE00D209AE00D2098E00E2015
:106BE00096E00F2094E0102092E0112090E0112018
:106BF0008EE012208CE012208AE0132088E014201E
:106C000086E0152084E0162082E0162080E018201F
:106C10007EE019207CE019207AE01A2078E01B2021
:106C200076E01C2074E01C2072E01C2070E01D2027
:106C30006EE01D206CE01D206AE01E2068E01E2032
:106C400066E01E2064E01F2062E01F2060E020203C
:106C50005EE020205CE021205AE0222058E0242041
:106C600056E0242054E0252052E0252050E0262044
:106C70004EE027204CE027204AE0282048E028204A
:106C800046E0292044E0292042E02A2040E02C2050
:106C90003EE02D203CE02E203AE02F2038E02F204F
:106CA00036E0302034E0302032E0312030E0312056
:106CB0002EE032202CE033202AE0342028E034205B
:106CC00026E0352024E0352022E0362020E0372061
:106CD0001EE038201CE039201AE0392018E03A2064
:106CE00016E03A2014E03B2012E03B2010E03B206D
:106CF0000EE03C200CE03C200AE03D2008E03D2076
:106D000006E040F27B1299490020FCF768FA002067
:106D1000C0B202BD002007E09549C2018A5822F0A6
:106D20000042C301CA50401C3F28F5DB704770B5D4
:106D300004000E00002000202000C0B2FFF736FE45
:106D40008B4DC0B2C0012844006A80B206FB00F639
:106D500042F21070B6FBF0F62000C0B2FFF726FE3C
:106D6000C0012844B6B246612000C0B2FFF71EFE43
:106D70000100C9B2C9012944096C51F00101C0B236
:106D8000C0012844016470BD2DE9F041AAB004009F
:106D90000D001600342100221DAF3800FCF7FCFA6C
:106DA0000020742100226F463800FCF7F5FA0E200F
:106DB0001E902000C0B2FFF740FC8DF87C00200040
:106DC000C0B2FFF786FA07005FF008082000C0B2E3
:106DD000FFF77FFA1DAA97FBF8F108FB117739003E
:106DE000644BC0B2C010C0011844FCF7A8FE2000DC
:106DF000C0B2FFF7DBFD00220121C0B210F5937095
:106E000000B2FFF70AFA2000C0B2FFF7CFFDC0B210
:106E100010F5937000B2FFF7FCF90923002201215D
:106E2000C0B2FFF7B5F92000C0B2FFF7BFFDC0B296
:106E300010F5937000B2FFF7ECF900220121C0B207
:106E4000FFF720FA4C48B0FBF5F1090C4A482A0438
:106E5000B0FBF2F302FB1300002800D0491C02290A
:106E600003D200208DF801002FE0032903D2012076
:106E70008DF8010029E0052903D202208DF80100D8
:106E800023E0092903D203208DF801001DE0112918
:106E900003D204208DF8010017E0212903D2052038
:106EA0008DF8010011E0412903D206208DF8010080
:106EB0000BE0812903D207208DF8010005E040F2A4
:106EC000C9122A490020FCF78AF904208DF8000035
:106ED00001208DF8100000208DF8110003208DF89E
:106EE000120003208DF8130000208DF808002249BD
:106EF00001229DF901008240B1FBF2F0B0FBF5F0F8
:106F0000401E05900598401C06FB00F642F21070EA
:106F1000B6FBF0F0089002208DF8400003208DF8B9
:106F2000680001201B9001208DF828002000C0B2CD
:106F3000FFF73CFD0E4D6946C0B2C001284400F089
:106F400043FB2000C0B2FFF731FDC0B2C0012844AE
:106F500000F03AFC2000C0B2FFF728FDC0B2C0012B
:106F60002844FDF7BEFF2AB0BDE8F08170D80810B4
:106F7000000058400000314000127A0030B4002177
:106F8000234A1368234A1468002832D0224A15681D
:106F9000C5F303250E2D0FD01268C2F303220D2A6C
:106FA00028D1827812F00F022409240114430279B7
:106FB000002A15D0012214E0827812F00F021B097A
:106FC0001B0113430279002A01D0012200E00022B4
:106FD00062F3DF73114AB0F9000042F8203009E093
:106FE000002262F3DF740E4AB0F9000042F820403C
:106FF00000E00649080030BC70470A4B1A68002AB6
:1070000003D01A6800B242F8201070470100560001
:1070100004DD081008DD08100000204000A020401A
:1070200000C0204030BF02280749086808B100208E
:1070300070470648C008C00008600549C908C90073
:10704000091A0160704700BFACAD032807DC0728B0
:1070500000E0072880B5AFF30080024A1100182035
:10706000ABBEFBE72600020000B500BF130096464A
:107070009446103928BFA0E80C50FAD85FEA417C4A
:1070800028BF0CC048BF40F8042BC90728BF20F810
:10709000022B48BF00F8012B00BD0000C9B20278E6
:1070A0008A421AB11CBF10F8012FF9E718BF00205F
:1070B0007047000080B500B906A005490B681BB1F8
:1070C00022220021984701E0FDF72EFE222002BD7A
:1070D000B0AD0328636F6E73747261696E7420685B
:1070E000616E646C65723A20626164206D657373D1
:1070F00061676500C9B2830706D0521E22D310F81B
:10710000013B9942F7D11FE0083A13D302F1040280
:1071100041EA012141EA014150F8043B121F21BF1D
:107120004B40A3F1013C2CEA030C1CF0803FF3D050
:10713000C9B2001F083210F8013B521E28BF91EA65
:10714000030FF8D818BF0120401E704710B5144631
:1071500000F002F8226010BDC1F30A5343B14A00A7
:1071600012F5001F28D2A3F2FE32A1EB02517047A4
:1071700050EA410C20D001F0004C31EA0C01B1FA88
:1071800081F204BFB0FA80F3D2180B3AB2F12003B7
:107190002CBF00FA03F1914041EA0C013EBFC2F15D
:1071A000200C20FA0CF319439040524240F2FD3378
:1071B000D21A01EB035170470022704741EA030CD9
:1071C00050EA4C0C52EA0C0C4FF4001C09D307D0C7
:1071D0001CEB410F9CBF1CEB430F8B4208BF82424C
:1071E00070471CEB430FFBD8994208BF9042704791
:1071F00041EA030C50EA4C0C52EA0C0C4FF4001C10
:1072000009D307D01CEB410F9CBF1CEB430F9942E5
:1072100008BF904270471CEB410FFBD88B4208BF60
:107220008242704700B541EC100B104600F004F8A4
:1072300051EC100B00BD00BF020030EE101B40F2FD
:10724000FF7C37D41CEA115313D063456BD09B18D5
:10725000634504D201EB025120EE101B704701F090
:10726000004141EA0C51002041EC100BAFF30080CB
:10727000704710EE100B50EA410054D0B2F57F7FFA
:1072800008D202EB5C010905002041EC110B20EE55
:10729000010B70474FF0FE41002341EC113B20EE03
:1072A000010BB2F57E7230EE101B4FEA410342EB48
:1072B0005353CDE752421CEA115316D0634532D0E6
:1072C0009A4204D2A1EB025120EE101B70475B1EC4
:1072D000D21AA1EB035120EE101B372A0CD3002049
:1072E00001F0004141EC100BC0E710EE100B50EA2A
:1072F000410018D0372AF2D2C2EB5C0211050020FF
:1073000041EC110BF1EE100A20F01F0121F4F851AD
:10731000E1EE101A20EE010BF1EE101AE1EE100A68
:1073200011F0080FA2D1704741EC100BBDEEC00B5D
:1073300010EE100A704700EE100AB8EEC00B51ECC8
:10734000100B704741EC100B43EC112B30EE410B4E
:1073500051EC100B704741EC100B43EC112B80EEFD
:10736000010B51EC100B704741EC100BBCEEC00B45
:1073700010EE100A704700EE100AB8EE400B51EC08
:10738000100B704741EC100B43EC112B20EE010B5E
:1073900051EC100B70470000BBBBE1B1B2F5803F70
:1073A00080F07E80022A1ED98C46B1FBF2F102FBEE
:1073B00011C31B0443EA1043B3FBF2FC02FB1C3372
:1073C00080B240EA0343B3FBF2F002FB103240EA22
:1073D0000C4000237047022A05D98446B0FBF2F026
:1073E00002FB10C270474AB105D100F00102490802
:1073F0005FEA3000704700220023704700F0EAB9CE
:107400000B000200002100207047904271EB030C3A
:10741000F6D3B3F5803F2FD2F0B5B3FA83F7B1FAC4
:1074200081F4A7F10F0E3D1B5340CEF1200602FA66
:107430000EF2F3415340B5F10F0746D80F3C2C44F0
:107440004140C4F12006A040F1414140B1FBF3F6B8
:1074500003FB1611A2FB0645001BA94102D2761EB2
:107460008018594180EA010221FA0EF362FA0EF205
:1074700000215A403046F0BD30B4B1FBF3FC03FBB1
:107480001C11A2FB0C45001BA94103D2ACF1010C5D
:107490008018594130BC02460B46604600217047B7
:1074A000B2F1807F65D3F0B5B2FA82F7B1FA81F418
:1074B000C7F10F063D1B22FA06F307F1110EF24148
:1074C00020355A40B5F10F07B8D94140C4F1200624
:1074D000A040F1414140B1FBF3FC03FB1C11A2FBB6
:1074E0000C45001BA94103D2BCF1010C8018594185
:1074F0000F2F12D30F3FC90341EA5041B1FBF3F6FE
:1075000003FB1611A2FB0645D4EBC030A94102D201
:10751000761E8018594146EACC3C07B34140C7F17A
:107520002006B840F1414140B1FBF3F603FB1611D0
:10753000A2FB0645001BA94102D2761E80185941C4
:1075400080EA010221FA0EF3C7F1200462FA0EF27A
:107550000CFA07F05A402CFA04F13043F0BD80EAEF
:10756000010221FA0EF3002162FA0EF260465A403F
:10757000F0BD8C46B1FBF2F102FB11C31B0243EAE2
:107580001063B3FBF2FC02FB1C331B024CEA00202D
:1075900043EA1063B3FBF2FC02FB1C331B024CEA10
:1075A000002043EA1063B3FBF2FC02FB1C331B0216
:1075B0004CEA002043EA1063B3FBF2FC02FB1C32EE
:1075C0004CEA0020002370470122002800F0EC80E4
:1075D000002900F0E980754A12680B7A63F3924241
:1075E0000B7B13F0030363F311420B7813F00703D3
:1075F00063F31A628B7863F39E7291F8283063F319
:10760000000291F8343063F341020B7F63F382028E
:107610004B7F63F3C30291F8403063F38A2291F801
:107620004030DBB25B08DBB263F3492291F8703083
:1076300063F3082291F8713013F0030363F30D3202
:1076400002600A7A002A02D10022826007E00A7AE8
:10765000012A02D14A69826001E0012282600A6A3D
:1076600002614A6A4261CA6A82610A6BC2614A69FE
:1076700002628A6942624E4A126891F8443003F00D
:10768000FF03120A12021A4391F84C3003F0FF0371
:1076900063F3174291F85C3003F0FF0363F31F625A
:1076A00091F86C3003F0FF0363F30F224264414A08
:1076B000126891F8643003F0FF0363F30F2291F82E
:1076C000543003F0FF03120A12021A4382643A4A4A
:1076D000126891F8413013F00303920892001A43A4
:1076E00091F8603013F0030363F38B2291F8483074
:1076F00013F0030363F3051291F8503013F0030302
:1077000063F3092291F8583013F0030363F38712EF
:1077100091F8683013F0030363F38302C264274ACD
:10772000126891F8723013F00703D208D2001A439E
:1077300091F8733013F0070363F30612426591F872
:10774000352082671E4A12680B7C13F003039208EF
:1077500092001A43CB7C13F0030363F387124B7C34
:1077600013F0030363F383028B7C13F0030363F3CF
:1077700005120265134A1268CB8863F31F428B8897
:107780009BB21B0A9BB263F30F220B78052B06D129
:10779000097901F0FF01120A12020A4302E0497856
:1077A00061F30702026300221000704720DD081019
:1077B00024DD081028DD08102CDD081030DD08104D
:1077C00034DD081038DD0810016851F00041016017
:1077D0007047000070470000DFF8C4110868C0F36C
:1077E0004000002801D0022002E0086810F00100EB
:1077F0007047DFF8B001006810F00100704700002A
:10780000C21E022A01D3012002E0C01E086000202F
:1078100070471CB5FF246946FFF7F2FFC0B200288D
:1078200002D02000C0B207E0DFF8FC01009950F858
:10783000210010F00100C0B216BD0000002801D0E8
:10784000032801D3012002E0401E08600020704799
:107850001CB5FF246946FFF7F1FFC0B2002802D033
:107860002000C0B208E0DFF8C40100990901084413
:10787000C06810F00100C0B216BD0000DFF8BC0106
:107880000068800810F00100704738B5040020003F
:10789000C0B2082811D3DFF898511822DFF89411EC
:1078A000280000F00DFC0020E87540F65B00DFF8D2
:1078B00088110860002000F03BFCDFF8CC112000AC
:1078C000C0B251F82000C0F30020002805D0E4B277
:1078D00051F8240010F00F0000E0FF2032BD38B551
:1078E00004002000C0B2082811D3DFF84451182248
:1078F000DFF84011280000F0E3FB0020E8754FF4AA
:107900000960DFF834110860002000F011FCDFF896
:107910007801E4B250F82400C0F30110C0B232BDC7
:10792000DFF868211368C3F3072303601068C0F30E
:10793000C40008607047DFF858211368C3F30723B9
:1079400003601068C0F3C4000860704738B50400D5
:10795000072C11D3DFF8D8501822DFF8C411280003
:1079600000F0AEFB0020E8754FF4CE70DFF8C810D1
:107970000860002000F0DCFBDFF8A00150F82400D4
:1079800010F00700010009B2042907D1DFF88801CF
:1079900050F8240010F01F0050F4807000B232BD87
:1079A0002415264040152640DFF8B01209688A03E6
:1079B000920B0260090E11F00101C171DFF8A012F3
:1079C00009680A00D204D20C82800A00120C02F06C
:1079D000FF020281090C01F0FF014181DFF844112F
:1079E000096811F00F0202730A00C2F30312427316
:1079F0000A00120AD204D20CC281090F11F003014D
:107A00000174DFF8641309680A00120A12F0070211
:107A100082710A00120CD205D20D4282890F11F038
:107A200001010175704700004016264000192640EC
:107A3000B8AB0328B0D20810A4AC0328100027402C
:107A40001CB50C006946FFF7DBFE0100C9B2002936
:107A500001D0C0B217E0DFF8B404009950F821005B
:107A600010F07F012160C0F304216160C0F3044184
:107A7000A1600100090F11F003016173C00E10F045
:107A800001002073002016BD40122640080020404F
:107A9000080420401CB50C006946FFF7CFFE01002A
:107AA000C9B2002901D0C0B235E0DFF81015009846
:107AB0000001085800F0FF022260C0F30422626057
:107AC000C0F30442A260000F10F00300207300987E
:107AD0000001084442681000C00F6073C2F30270D6
:107AE000002801D0012000E00020A07322F07F4296
:107AF000226100980001084480680100C90F2175C7
:107B00000100090E11F001016175A075000C10F063
:107B10000700E075002016BD000126400012264037
:107B20005CD308103815264080B50100DFF86805E1
:107B30001822FEF7D3FA0120DFF860150870002044
:107B400002BDDFF85C150968C90F002908D0DFF80D
:107B50004C150978002907D10021016003207047E6
:107B6000002101600320FAE7DFF82C1509680160A5
:107B70000020F4E710B50400FFF72EFE002803D123
:107B80000020206003200DE0DFF8100500780028B9
:107B900005D0DFF8040580682060002002E00020A6
:107BA0002060032010BD0000DFF8F01409780029E0
:107BB00005D0DFF8E41449680160002002E00021EC
:107BC000016003207047DFF8DC140968C90F002941
:107BD00008D0DFF8C8140978002907D10021016016
:107BE00003207047002101600320FAE7DFF8A814A2
:107BF000C96801600020F4E7DFF8AC140968C90F18
:107C0000002908D0DFF894140978002907D1002151
:107C1000016003207047002101600320FAE7DFF8CC
:107C20007814096901600020F4E710B50400FFF73B
:107C300025FE002803D10020206003200DE0DFF89E
:107C40005C040078002805D0DFF84C04406920600F
:107C5000002002E000202060032010BD30152640E7
:107C60003415264010B50C00C0B2FFF76FFE002897
:107C70000ED0012810D0022812D0B0F5887F13D082
:107C800040F21111884213D0B0F58A7F14D017E06A
:107C90002000FFF756FF16E02000FFF785FF12E0F7
:107CA0002000FFF767FF0EE02000FFF78CFF0AE0DF
:107CB0002000FFF7BAFF06E02000FFF79DFF02E07B
:107CC00000202060032010BD80B501000020FFF7D8
:107CD000C9FF02BD80B50322D2B2824203D2002086
:107CE0000860012003E0401CC0B2FFF7BBFF02BDEB
:107CF00018B587B004006846FFF7E6FF0100C9B277
:107D0000002903D000212160C0B22BE001A8FFF7B9
:107D10004BFE9DF81400022803D10098206000203B
:107D200020E0DFF888030068C00F002808D0FFF7C4
:107D300060FDC0B2002807D100202060032011E0C0
:107D40000098206000200DE0009901984143BDF8A3
:107D50000800B1FBF0F09DF80B10491CB0FBF1F0EE
:107D60002060002008B010BD3C152640F0B58BB057
:107D700005000C0069462800C0B2FFF7ABFF010008
:107D8000C9B2002903D000212160C0B2BCE02800A4
:107D9000C0B202284CD307A92800C0B2401CFFF78C
:107DA0004FFEC0B2002811D0DFF804631822DFF8BC
:107DB0000413300000F084F90020F07540F66310E1
:107DC000DFF8F4120860002000F0B2F94F482900F3
:107DD000C9B200EB810050F8080CC00F002807D092
:107DE0009DF82900022807D10098206000208BE030
:107DF00000982060002087E0EDB26D1C2800FFF79E
:107E000008FD0100C9B2002902D0C0B2FF2803D189
:107E100000202060032077E00099079841430898EC
:107E2000B1FBF0F00999B0FBF1F0206000206BE0AD
:107E300001A92800C0B2401CFFF72CFEC0B20028E8
:107E400011D0DFF86C621822DFF86812300000F001
:107E500037F90020F07540F67F10DFF85C120860FB
:107E6000002000F065F955482900C9B209014058C1
:107E7000C00F002807D09DF81000022807D10098F5
:107E80002060002040E00098206000203CE0EDB23F
:107E90006D1C2800FFF7DCFC0100C9B2002902D0EC
:107EA000C0B2FF2803D10020206003202CE09DF801
:107EB000110001281DD1009A0023019E00273F06D2
:107EC00047EA162736060598002136184F41A6FBCB
:107ED000020106FB031107FB0211029A039BA3FB9D
:107EE0000223FFF759FA000E40EA0120090E206034
:107EF00009E00099019841430298B1FBF0F0039921
:107F0000B0FBF1F0206000200BB0F0BD0016264061
:107F100010B50323421E0400E4B2002C03D1080074
:107F2000FFF7E6FE0CE01400DBB2E4B2A34204D398
:107F30001000C0B2FFF71AFF02E0C0B2FFF792FED6
:107F400010BD38B505000C002800C0B2FFF79DFC3D
:107F50000100C9B2FF2904D12000FFF7F2FDC0B231
:107F60001BE06946C0B2FFF7D3FF0100C9B2002988
:107F700003D000212160C0B20FE02800C0B2FFF79B
:107F8000AEFCC0B2002805D002280BD006D30328CF
:107F90000CD00FE000982060002032BD009840080F
:107FA0002060F9E7009880082060F5E70098C00895
:107FB0002060F1E7002020600320EEE70019264052
:107FC0001FB5040002A90120FFF7BBFF0100C9B2E1
:107FD000002903D000212160C0B21AE0694601A83F
:107FE000FFF79EFC01980021421C71F1FF335B01F9
:107FF00043EAD26352010098002112184B410298C3
:108000000021490141EAD0614001FFF7C5F9206034
:10801000002004B010BD1FB5040002A90120FFF725
:1080200090FF0100C9B2002903D000212160C0B235
:108030001AE0694601A8FFF77EFC01980021421C66
:1080400071F1FF335B0143EAD263520100980021D2
:1080500012184B4102980021490141EAD0614001C8
:10806000FFF79AF92060002004B010BD80B5DFF85A
:108070004C100A68C2F303220E2A07D00968C1F324
:1080800003210D2905D1FFF7C6FF02BDFFF798FFB9
:10809000FBE70120F9E70000A0AB0328CAAD0328E5
:1080A00018152640081526400C1526403015264088
:1080B000B8AB03285CD30810A4AC03280000204010
:1080C00001B58B071AD1830724D1121F21D351F890
:1080D000043BA3F1013C2CEA030C1CF0803C04BFE0
:1080E00040F8043BF1E79CFA8CFCBCFA8CF1C1F13E
:1080F00018018B40CB4040F8043B13E0042A09D31D
:1081000011F8013B521E00F8013B5BB18B07F7D120
:10811000D9E7121D5AB111F8013B521E00F8013B7C
:1081200003B1F8D111001CBF0022FBF739F901BDE2
:1081300001BEFEE780B52C4A2C490B6893423ED025
:108140000A602B4A12684A622A4A8A6202684A60B6
:1081500042688A608268CA60C2680A6102694A61CC
:1081600042698A618269CA61C2690A62F1EE102AB3
:1081700012F0900F23D0204A8A62026ACA62426AD1
:108180000A63826A4A63C26A8A63026BCA63426B89
:108190000A64826B4A64C26B8A64026CCA64426C71
:1081A0000A65826C4A65C26C8A65026DCA65426D59
:1081B0000A66826D4A66C26D8A66006EC86600F005
:1081C0001FF801BD01290EDB10F01F025118BFF38B
:1081D0004F8F0A4A1060203020390129F9DABFF3A5
:1081E0004F8FBFF36F8F7047FAF9F8F7C4A70328D2
:1081F00028ED00E0A4A3A2A1ABAAA9A85CEF00E02F
:10820000FEE7000070B504000D00DFF834682A00B6
:1082100092B2120AD2B22100C9B2300000F0DEFEE2
:108220002A00D2B2F021300000F0D8FE70BD2DE956
:10823000F04704000D00012600275FF000085FF002
:108240000A09484640B2002836D0484640B20521C7
:1082500090FBF1F201FB1200002810D1DFF8E0A73B
:108260002A0092B2120AD2B22100C9B2504600F0DE
:10827000B5FE2A00D2B2F021504600F0AFFEDFF882
:10828000C0A72100C9B2504600F0D0FE0700F0217F
:10829000504600F0CBFE8046280080B23900C9B2BB
:1082A0004246D2B252EA0122904202D10020060098
:1082B00002E0B9F10109C4E7300040B2BDE8F0873F
:1082C00070B50400DFF878672100C9B2300000F013
:1082D000ADFE0500F021300000F0A8FEEDB2C0B206
:1082E00050EA052080B270BDF8B5040000250026D4
:1082F0000127DFF84C075C210172E168C160216849
:108300000160616841600020FFF7DAFF060030007D
:1083100041F2243180B288420BD0300041F2113159
:1083200080B2884205D0300041F2133180B28842D9
:1083300002D10020070004E06D1C2800C0B21528FF
:10834000E1DB3800C0B2F2BD2DE9F14F8AB05FF039
:10835000000A00240020ADF8200000250020ADF820
:1083600006000020ADF81E000020ADF81C0000261D
:108370005FF0000800270A98C088ADF808000A9846
:108380004089ADF80A000A98C089ADF80C000A9837
:10839000408AADF80E000A98C08AADF810000A981D
:1083A000408BADF812000A98C08BADF814000A9803
:1083B000408CADF816000A98C08CADF81A004BF648
:1083C000EF61FE20FFF71EFF03210C20FFF71AFFCD
:1083D0000020FFF775FF070041F2243938004946B5
:1083E00080B288420BD0380041F2113180B288420D
:1083F00005D0380041F2133180B2884200D109E043
:1084000018F101084046C0B2142802DB0120060022
:1084100000E0DDE73000C0B2002840F00C83BDF87A
:108420001000792807DABDF810008000ADF80600CA
:108430005AF0020A15E0BDF81000F12807DABDF87D
:1084400010004000ADF806005AF0010A09E0BDF83E
:10845000100040F2E111884203DABDF81000ADF8D7
:108460000600BDF80E00BD2806DABDF80E0080003B
:1084700005005AF0080A15E0BDF80E0040F2791127
:10848000884206DABDF80E00400005005AF0040AE2
:1084900008E0BDF80E0040F2F121884202DABDF892
:1084A0000E000500DFF89CB540F24E31280080B286
:1084B000091ACBF800103800494680B288427AD1B8
:1084C00048F288310720FFF7B2FE80190600DFF876
:1084D0007815BDF81020921C2B009BB2DBF8000031
:1084E000C3185A43121D91FBF2F00400200080B221
:1084F00040F2F511884202DB4FF4FA7004002000CC
:10850000BDF80C1080B2884201D2ADF80C40DFF803
:108510003C15DFF83405BDF80C2090FBF2F2121F79
:108520002B009BB2DBF80000C31892FBF3F2BDF8FE
:108530001000121A0A6047F621600A68824202DAC5
:108540000A68022A0EDA0A68022A02DA02200860A1
:1085500008E00A68824203DB47F62060086001E019
:1085600008680860DFF8E004BDF80C2090FBF2F228
:10857000121F0968BDF81000411892FBF1F12800A4
:1085800080B2091ACBF80010DBF800003D2803DAAE
:108590003D20CBF8000081E0DBF80000B0F5806FF3
:1085A00004DB40F2FF30CBF8000077E0DBF800009E
:1085B000CBF8000072E0DFF89014BDF81020121D17
:1085C0002B009BB2DBF80000C3185A43121D91FB2D
:1085D000F2F00400200080B240F2F511884202DB84
:1085E0004FF4FA7004002000BDF80C1080B28842ED
:1085F00001D2ADF80C40DFF85414DFF84C04BDF89C
:108600000C2090FBF2F2121F2B009BB2DBF8000053
:10861000C31892FBF3F2BDF81000121A0A6040F67C
:10862000B9300A68824202DA0A68042A0EDA0A6855
:10863000042A02DA0420086008E00A68824203DBA8
:1086400040F6B830086001E008680860DFF8F80319
:10865000BDF80C2090FBF2F2121F0968BDF8100063
:10866000411892FBF1F1280080B2091ACBF80010F2
:10867000DBF800002B2803DA2B20CBF800000DE0FC
:10868000DBF80000B0F5806F04DB40F2FF30CBF880
:10869000000003E0DBF80000CBF80000DFF8AC03DB
:1086A0000168BDF810004118891EBDF80A0081421A
:1086B00008DADFF898030168BDF810004118881E39
:1086C000ADF80A00280080B2D0F53C70022190FB82
:1086D000F1F0BDF91210020012B2D14203DA01002A
:1086E00009B2494209E00100BDF9122009B29142E4
:1086F00001DA010001E0BDF91210ADF81210401CC2
:10870000BDF91210411AADF81E10BDF80610D1F5D2
:10871000F071022291FBF2F1BDF914200B001BB2A3
:10872000DA4203DA080000B2404209E00800BDF96D
:10873000142000B2904201DA080001E0BDF91400F3
:10874000ADF81400091DADF82010BDF92010BDF9D9
:1087500014004118ADF81C1001211B20FFF767FD24
:1087600080198DF804009DF804000090BDF81E10DB
:108770000120FFF75CFD009940188DF804009DF87A
:1087800004000090BDF81C100220FFF750FD009976
:1087900040188DF804009DF804000090BDF8061004
:1087A0000320FFF744FD009940188DF804009DF860
:1087B00004000090290089B20420FFF738FD0099D9
:1087C00040188DF804009DF804000090DBF80000CC
:1087D000010089B20520FFF72AFD009940188DF8A5
:1087E00004009DF804B099480068010089B2062091
:1087F000FFF71DFD10EB0B0B8DF804B09DF804B0D6
:108800004FF4B2710A20FFF712FD10EB0B0B8DF83D
:1088100004B09DF804B040F2BB110820FFF707FD3B
:1088200010EB0B0B8DF804B09DF804B040F2D91199
:108830000920FFF7FCFC10EB0B0BBDF8080000282B
:1088400007D1BDF80A100B20FFF7F1FC10EB0B006D
:1088500083465AF44C7189B20D20FFF7E8FC10EB07
:108860000B008DF804009DF8046027213120FFF7EC
:10887000DEFC86198DF804609DF804601A21322010
:10888000FFF7D5FC86198DF804609DF8046005217A
:108890003320FFF7CCFC8619BDF816103520FFF702
:1088A000C6FC80198DF80400380080B2484529D1F3
:1088B000504680B2042801DB012100E000219DF830
:1088C0000460C9B2090189B27220FFF7B0FC8619B1
:1088D0008DF804609DF8049040F201110F20FFF71D
:1088E000A6FC10EB090981214720FFF7A0FC834675
:1088F0001BEB090BEC214820FFF799FC060016EB57
:108900000B0615E09DF8049011210F20FFF78FFC56
:1089100010EB090981214720FFF789FC83461BEBF7
:10892000090BE7214820FFF782FC060016EB0B0637
:108930004FF462710720FFF77AFC80198DF804006C
:108940009DF804B040F203311C20FFF770FC10EBDF
:108950000B0B03212C20FFF76AFC814619EB0B0956
:10896000BDF80800002807D10021AF20FFF75FFC09
:10897000060016EB09064DE0BDF80810A520FFF72C
:1089800056FC060016EB09060221A620FFF74FFC55
:1089900083461BEB060B0221A820FFF748FC10EBD7
:1089A0000B008DF80400BDF80E10BDF81000414317
:1089B000042091FBF0F0B0F5803F08DABDF80E100E
:1089C000BDF810004143042091FBF0F101E04FF6A7
:1089D000FF719DF8046089B2B020FFF728FC86196A
:1089E0008DF804609DF804901421AE20FFF71FFC61
:1089F00010EB090940F20111AF20FFF718FC834684
:108A00001BEB090BBDF80A10AD20FFF710FC0600A8
:108A100016EB0B06BDF808000D490860BDF80A000A
:108A20000C490860BDF810000B4908604DF6AD61B7
:108A3000FE20FFF7E7FB3000C0B20BB0BDE8F08FBF
:108A400070AC03289CAD0328C0FC9B0198AD0328A3
:108A5000A0AD0328A4AD0328A8AD03281CB50400CD
:108A6000002C01D0012000E000204122DFF8601539
:108A7000C0B2FAF7B4FBDFF85C0501212278D2100E
:108A800010EBC212237813F0070311FA03F31360FB
:108A90002279D21010EBC210227912F0070211FADB
:108AA00002F20260E06800900098421E00920028E6
:108AB000FAD1DFF824252079C01012EBC0102379F9
:108AC00013F0070311FA03F30360E06800900098C5
:108AD000431E00930028FAD12078C01012EBC01278
:108AE000207810F0070081401160E0680090009845
:108AF000411E00910028FAD113BD1CB50400002CC2
:108B000001D0012000E000205522DFF8C414C0B2DB
:108B1000FAF765FBDFF8C00401212279D21010EBCF
:108B2000C212237913F0070311FA03F313602278BA
:108B3000D21010EBC210227812F0070211FA02F2E2
:108B40000260E06800900098421E00920028FAD16E
:108B5000DFF880242078C01012EBC010237813F0C7
:108B6000070311FA03F30360E06800900098431EC6
:108B700000930028FAD12079C01012EBC01220799E
:108B800010F0070081401160E06800900098411EDD
:108B900000910028FAD113BD38B504000D00002C57
:108BA00001D0012000E000206A22DFF82414C0B2C6
:108BB000FAF715FBDFF8201401222078C01011EB22
:108BC000C010237813F0070312FA03F30360EDB229
:108BD000002D0CD02079C010DFF8F83313EBC01350
:108BE000207910F0070012FA00F0186009E02079EF
:108BF000C01011EBC010237913F0070312FA03F32E
:108C00000360E06800900098431E00930028FAD1AA
:108C1000DFF8C0332078C01013EBC010257815F0B2
:108C2000070512FA05F50560E06800900098451EFA
:108C300000950028FAD12078C01011EBC0112078DF
:108C400010F0070012FA00F008602079C01013EB52
:108C5000C013207910F0070082401A6031BD2DE961
:108C6000FC410400002C01D0012000E000208622FD
:108C7000DFF85C13C0B2FAF7B2FA0025DFF8A86398
:108C800001272078C01016EBC010217811F00701E1
:108C900017FA01F10160DFF83C832079C01018EB6E
:108CA000C010217911F0070117FA01F101600022CB
:108CB00000216068C0B2FAF707FDE06800900098F4
:108CC000411E00910028FAD12078C01018EBC0187E
:108CD000207810F0070017FA00F0C8F80000E068EC
:108CE00000900098411E00910028FAD16068C0B23F
:108CF000FAF7D9FC002800D001252078C01016EB27
:108D0000C016207810F00700874037600322012149
:108D10006068C0B2FAF7D8FCE06800900098411E85
:108D200000910028FAD12800C0B2BDE8F6817CB5D8
:108D300004000D00002C01D0012000E00020A8223A
:108D4000DFF88C12C0B2FAF74AFA80210800C0B2EC
:108D500000284ED02800C0B208420CD00120227951
:108D600012F0070290402279D210DFF8683213EB3C
:108D7000C21318600BE00120227912F00702904024
:108D80002279D210DFF8A03213EBC2131860C9B2F7
:108D90004908E068400800900098421E00920028B0
:108DA000FAD10122207810F0070012FA00F023789F
:108DB000DB10DFF8206216EBC3163060E06800902D
:108DC0000098431E00930028FAD1207810F0070085
:108DD00082402078C010DFF8503213EBC0131A60C5
:108DE000E068400800900098421E00920028FAD1E6
:108DF000ACE72000FFF733FF012801D1002000E09D
:108E00000120C0B276BD2DE9FC4704000D00002C06
:108E100001D0012000E00020C222DFF8B411C0B26E
:108E2000FAF7DDF900260827DFF8AC815FF00109C9
:108E30002078C01018EBC010217811F0070119FA42
:108E400001F10160E06800900098411E0091002847
:108E5000FAD1DFF880A12079C0101AEBC010217977
:108E600011F0070119FA01F1016000220021606888
:108E7000C0B2FAF729FC27E02078C01018EBC01028
:108E8000217811F0070119FA01F10160E068009002
:108E90000098411E00910028FAD12078C0101AEBEA
:108EA000C010217811F0070119FA01F10160E068A2
:108EB00000900098411E00910028FAD16068C0B26D
:108EC000FAF7F1FB50EA46063800471EC0B2002808
:108ED000D2D12078C01018EBC018207810F007000D
:108EE00019FA00F9C8F80090032201216068C0B2A5
:108EF000FAF7EAFBE06800900098411E0091002814
:108F0000FAD12900C9B22000FFF746FE3000C0B2F6
:108F1000BDE8F6872DE9F04105000C0017001E00A2
:108F2000002D01D0012000E00020DFF8A48040F2F5
:108F30004E224146C0B2FAF752F9002C01D001206E
:108F400000E0002040F24F224146C0B2FAF747F954
:108F5000002E01D0012000E000204FF414724146A1
:108F6000C0B2FAF73CF92800FFF778FD297A4900EA
:108F7000C9B22800FFF7DBFE04E021782800FFF7E4
:108F8000D6FE641C3800471E0028F6D12800FFF7E3
:108F900065FD297A490051F00101C9B22800FFF7A7
:108FA000C6FE069C0BE0002104E037007E1C002C6E
:108FB000F9D10121C9B22800FFF725FF3870200040
:108FC000441E0028F1D12800FFF797FDBDE8F0818D
:108FD00098D60810080031400400314070B50400F4
:108FE0000D001600002C01D0012000E0002040F20E
:108FF0008D224749C0B2FAF7F2F82000FFF72EFDA4
:10900000217A4900C9B22000FFF791FE2900C9B2B8
:109010002000FFF78CFE3100C9B22000FFF787FE69
:109020002000FFF76AFD70BD0400314038B5040030
:109030000D00002C01D0012000E0002040F29F2212
:109040003349C0B2FAF7CBF800202000FFF706FD45
:10905000217A4900C9B22000FFF769FE2900C9B290
:109060002000FFF764FE2000FFF747FD2000FFF718
:10907000F5FC217A490051F00101C9B22000FFF747
:1090800056FE01212000FFF7BEFE05002000FFF77D
:1090900034FD2800C0B232BD2DE9F84304008846F3
:1090A0001700002C01D0012000E00020089D1E00C8
:1090B000DFF85C9040F2BA224946C0B2FAF78FF866
:1090C00030002900C0B2C9B2884201D0012000E0BE
:1090D000002040F2BB224946C0B2FAF780F83000C7
:1090E000C0B220602800C0B2606084F80880E760E9
:1090F0000323012201213000C0B2FAF70CFB032345
:10910000012201212800C0B2FAF705FBBDE8F18376
:1091100098D6081070B52DED108B9FEDE98AF0EE12
:10912000008ADFF8E44594ED040A20EE280A20EED8
:10913000089A94ED050A20EE280A60EE089A9FED41
:10914000E1AADFEDE1AA94ED040AD4ED040A20EED1
:10915000200AD4ED050A94ED051A00EE810A30EEDE
:109160002A0A30EE0ABADFEDD9BA9FEDD9CA94EDDA
:10917000040A30EE0C0A60EE2BCA94ED050A20EECC
:109180002BDA94ED040A30EE0C0AD4ED040A70EEEA
:109190008C0AB0EE6A1A00EE201A94ED050AD4ED9E
:1091A000050A00EE201A71EE0ADA29EE090A09EE24
:1091B000A90A0BEE4B0AB7EEC00A00F0CDFAB0EEEA
:1091C00000FBB7EEE91A31EE000B39EE0B1AB7EEE1
:1091D000C11A80EE010B00F0CFFA20EE0F0BB7EEB4
:1091E000C0EB29EE090A09EEA90A0BEE4B0AB7EE0D
:1091F000C00A00F0B1FAB7EEE91A31EE400B39EED1
:109200000B1AB7EEC11A80EE010B00F0B5FA20EE92
:109210000F0BB7EEC09B2CEEAC0A0DEE0D0A0DEE57
:10922000ED0AB7EEC00A00F097FAB7EECD1A31EEAC
:10923000000B3CEEAD1AB7EEC11A80EE010B00F048
:109240009BFA20EE0F0BF7EEC09B2CEEAC0A0DEE56
:109250000D0A0DEEED0AB7EEC00A00F07DFAB7EE8A
:10926000CD1A31EE400B3CEEAD1AB7EEC11A80EECE
:10927000010B00F081FA20EE0F0BB7EEC00BB5EE3C
:1092800040EAF1EE10FA03DADFED920A3EEE20EA50
:10929000B5EE409AF1EE10FA03DADFED8E0A39EE00
:1092A000209A9FED8DBAB4EE4BEAF1EE10FA02DB94
:1092B00084ED00EA01E084ED009AF5EE409AF1EECB
:1092C00010FA09DBDFEDE50AF4EE609AF1EE10FA30
:1092D00002D5C4ED019A01E084ED010A94ED060A7D
:1092E00020EE280A20EE089A94ED070A20EE280ABC
:1092F00060EE089A94ED060AD4ED060A20EE200AE4
:10930000D4ED070A94ED071A00EE810A30EE2A0A1E
:1093100070EE0ACA94ED060A30EE0C0A20EE2B8A93
:1093200094ED070A60EE2B8A94ED060A30EE0C0AE3
:10933000D4ED060A70EE8C0A40EE20AA94ED070ADE
:10934000D4ED070A40EE20AA3AEE8AAA29EE090ACD
:1093500009EEA90A0CEEEC0AB7EEC00A00F0FCF91F
:10936000B7EEE91A31EE000B39EE2C1AB7EEC11A3E
:1093700080EE010B00F000FA20EE0F0BB7EEC00BF1
:1093800084ED020A28EE080A08EEA80A0AEE4A0A44
:10939000B7EEC00A00F0E0F9B7EEE81A31EE400B84
:1093A00038EE0A1AB7EEC11A80EE010B00F0E4F9AC
:1093B00020EE0F0BB7EEC00B84ED030A29EE090A6D
:1093C00009EEA90A0CEEEC0AB7EEC00A00F0C4F9E7
:1093D000B7EEE91A31EE000B39EE2C1AB7EEC11ACE
:1093E00080EE010B00F0C8F920EE0F0BF7EEC0ABDA
:1093F00029EE090A09EEA90A0CEEEC0AB7EEC00A3A
:1094000000F0AAF9B7EEE91A31EE400B39EE2C1A4A
:10941000B7EEC11A80EE010B00F0AEF920EE0F0B93
:10942000B7EEC09B28EE080A08EEA80A0AEE4A0A20
:10943000B7EEC00A00F090F9B7EEE81A31EE000B73
:1094400038EE0A1AB7EEC11A80EE010B00F094F95B
:1094500020EE0F0BF7EEC09B28EE080A08EEA80AD4
:109460000AEE4A0AB7EEC00A00F076F9B7EEE81A3B
:1094700031EE400B38EE0A1AB7EEC11A80EE010B3E
:1094800000F07AF920EE0F0BB7EEC00BF5EE40AA14
:10949000F1EE10FA03DADFED0F0A7AEEA0AAB5EECC
:1094A000409AF1EE10FA03DADFED0A0A39EE209A5B
:1094B000F4EE4BAAF1EE10FA10DBC4ED02AA0FE0B5
:1094C00000007442006401C6009068450000F44248
:1094D000000014C2DB0FC940DB0F493F84ED029A44
:1094E000F5EE409AF1EE10FA09DBDFED5C0AF4EEDE
:1094F000609AF1EE10FA02D5C4ED039A01E084ED12
:10950000030A82489FED820B94ED001AB7EEC11A50
:109510009FED843B81EE031B21EE001BBDEEC11BC2
:1095200011EE101A01807C4994ED011AB7EEC11AB0
:109530009FED7C3B81EE031B21EE001BBDEEC11BAA
:1095400011EE102A0A80754A94ED021AB7EEC11A7C
:109550009FED743B81EE031B21EE001BBDEEC11B92
:1095600011EE103A13806E4B94ED031AB7EEC11A48
:109570009FED6C3B81EE031B21EE000BBDEEC00B9B
:1095800010EE104A1C809FED690B9FED6A1BB1F92C
:10959000001002EE101AB8EEC22BB0EE413B02EE04
:1095A000403BBDEEC32B12EE104A9FED662BB0F987
:1095B0000000D0F1B40003EE100AB8EEC33BB0EEE9
:1095C000424B03EE004BBDEEC43B13EE105AB2F912
:1095D0000000D0F1B40003EE100AB8EEC33B03EE76
:1095E000002BBDEEC22B12EE101AB3F9000002EEF2
:1095F000100AB8EEC22B02EE401BBDEEC10B10EEFE
:10960000106A42F21070220092B2824200DB040023
:109610002A0092B2824200DB05000A0092B2824226
:1096200000DB0100320092B2824200DB060089B208
:109630000D20FDF77CFBB6B231000E20FDF777FB65
:10964000A4B221000F20FDF772FBADB2290011205A
:10965000FDF76DFBBDEC108B70BD0000DC0F493FCA
:10966000DFED361AF4EE610AF1EE10FA01D5F3EEF1
:10967000090AB4EE611AF1EE10FA01D5B3EE091A37
:10968000DFED2F1AF4EE610AF1EE10FA01DBF0EED5
:10969000610AB4EE611AF1EE10FA01DBB0EE611A64
:1096A000194880ED040AC0ED050AB7EEC00A9FED27
:1096B000273B33EE400BB7EEC00B80ED060A80ED82
:1096C000071A704780B500224FF496711120FDF7FC
:1096D0005BFB00224FF496710F20FDF755FB002233
:1096E0004FF496710E20FDF74FFB00224FF4967158
:1096F0000D20FDF749FBF3EE090AB0EE601A9FED6D
:10970000150AFFF7ADFF01BD00AB0328B4AD032878
:109710000000000000807640B6AD0328B8AD0328F5
:10972000BAAD03281F85EB51B81E19400AD7A370A4
:109730003DAA4040000000000011B2400100C841B5
:10974000000016430000000000A8B1400000000027
:1097500000C0414000009441B5EEC00BF1EE10FA9C
:1097600002D4B1EEC00B70476FF0004C20EE10CB6E
:10977000AFF300807047000030EE100B9FED121B1E
:10978000B0EEC00BC0F30A51B9B1B4EE410BB1F564
:10979000886F0BDAF1EE10FA4FEAD07040F31C80BC
:1097A00081EE000B80F0040000F016B84FF4001CAE
:1097B0001CEB400F05D89FED060B004248BFB1EEF1
:1097C000400B704700000000000000000000F03F68
:1097D000182D4454FB21F93F21A1B1EC061BB4EE36
:1097E000410BF1EE10FA09DBB1EE424B33EE001BF8
:1097F00000EE034B84EE010B40F0020030EE10CB84
:10980000B1EC063B2CF0004CBCF1795F15D320EE97
:10981000001B03EE014B20EE013B04EE015B05EE65
:10982000030BB1EC083B03EE014B04EE015B05EECC
:10983000016B06EE012B80EE020B38BF2031400891
:1098400010F0020F18BFB1EE400B01EBC00191ED1B
:10985000001B30EE010B28BFB1EE400B704700003B
:1098600057CD9E5E1426D13F000000000000F03F5F
:10987000AA4C58E87AB6FB3F845D57134B57B03F6C
:10988000B2934C19ED5EE43FBEDE02B90240F83FF0
:10989000DE39028FC7C0743F8AAB1283000CC83F09
:1098A00024D7E508B6D8F03F0F34580E5895FD3F41
:1098B000000000000000000066732D3852C1E03F38
:1098C000182D4454FB21F93F66732D3852C1F03FE7
:1098D000182D4454FB21F93F66732D3852C10040C6
:1098E000182D4454FB2109403FD038C6A6F104404E
:1098F0000000000000000000000000000000000068
:10990000000000F8000000000000003330000000FC
:1099100000100C06100C0600000000000000000003
:1099200040C07840C0784000043F04043F04040075
:10993000007088FC08300000001820FF211E000085
:10994000F008F000E018000000211C031E211E009A
:1099500000F00888700000001E2123241927211020
:1099600010160E00000000000000000000000000C3
:10997000000000E01804020000000007182040006A
:1099800000020418E000000000402018070000005A
:10999000404080F0804040000202010F01020200BE
:1099A000000000F0000000000101011F01010100A2
:1099B000000000000000000080B070000000000007
:1099C0000000000000000000000101010101010190
:1099D0000000000000000000003030000000000027
:1099E00000000000806018040060180601000000FC
:1099F00000E010080810E000000F102020100F00F9
:109A0000001010F8000000000020203F202000007F
:109A100000700808088870000030282422213000D7
:109A200000300888884830000018202020110E00DF
:109A30000000C02010F8000000070424243F240088
:109A400000F80888880808000019212020110E005D
:109A500000E0108888180000000F112020110E006F
:109A600000380808C83808000000003F0000000067
:109A70000070880808887000001C222121221C0028
:109A800000E010080810E0000000312222110F0051
:109A9000000000C0C00000000000003030000000E6
:109AA0000000008000000000000080600000000056
:109AB000000080402010080000010204081020006F
:109AC00040404040404040000404040404040400BA
:109AD000000810204080000000201008040201004F
:109AE000007048080808F00000000030360100004F
:109AF000C030C828E810E0000718272423140B0002
:109B00000000C038E0000000203C2302022738207B
:109B100008F8888888700000203F202020110E005F
:109B2000C030080808083800071820202010080056
:109B300008F808080810E000203F202020100F003F
:109B400008F88888E8081000203F2020232018000B
:109B500008F88888E8081000203F20000300000073
:109B6000C03008080838000007182020221E020014
:109B700008F808000008F808203F210101213F20D3
:109B8000000808F8080800000020203F20200000FE
:109B900000000808F8080800C08080807F000000EE
:109BA00008F888C028180800203F20012638200027
:109BB00008F8080000000000203F2020202030008E
:109BC00008F8F800F8F80800203F003F003F2000A8
:109BD00008F830C00008F808203F200007183F00B0
:109BE000E01008080810E0000F10202020100F00DF
:109BF00008F808080808F000203F210101010000D2
:109C0000E01008080810E0000F18242438504F0016
:109C100008F8888888887000203F2000030C3020D6
:109C200000708808080838000038202121221C0014
:109C3000180808F8080818000000203F200000005D
:109C400008F808000008F808001F202020201F0046
:109C50000878880000C83808000007380E010000A6
:109C6000F80800F80008F800033C0700073C030070
:109C7000081868808068180820302C03032C3020D6
:109C80000838C800C83808000000203F2000000045
:109C900010080808C838080020382621202018009D
:109CA000000000FE020202000000007F4040400071
:109CB000000C30C000000000000000010638C000A9
:109CC00000020202FE000000004040407F00000051
:109CD0000000040202020400000000000000000076
:109CE0000000000000000000808080808080808074
:109CF000000202040000000000000000000000005C
:109D000000008080808000000019242222223F2051
:109D100008F8008080000000003F112020110E0094
:109D20000000008080800000000E11202020110023
:109D3000000000808088F800000E112020103F20D5
:109D40000000808080800000001F22222222130059
:109D5000008080F0888888180020203F20200000A4
:109D60000000808080808000006B94949493600059
:109D700008F8008080800000203F210000203F2064
:109D800000809898000000000020203F2020000064
:109D9000000000809898000000C08080807F000054
:109DA00008F8000080808000203F24022D30200031
:109DB000000808F8000000000020203F20200000DC
:109DC0008080808080808000203F20003F20003FF6
:109DD0008080008080800000203F210000203F2004
:109DE0000000808080800000001F202020201F00B5
:109DF000808000808000000080FFA12020110E00E4
:109E00000000008080808000000E112020A0FF80D4
:109E1000808080008080800020203F212000010081
:109E200000008080808080000033242424241900D6
:109E3000008080E0808000000000001F20200000E3
:109E40008080000000808000001F202020103F2024
:109E5000808080000080808000010E3008060100B4
:109E600080800080008080800F300C030C300F0059
:109E700000808000808080000020312E0E31200084
:109E8000808080000080808080818E7018060100B4
:109E900000808080808080000021302C22213000D2
:109EA00000000000807C020200000000003F4040F3
:109EB00000000000FF00000000000000FF000000A4
:109EC0000002027C800000000040403F00000000D3
:109ED000000601010202040400000000000000006E
:109EE00080B50A000821DFF8F0341960D2B2010011
:109EF000C9B20220F8F70FFD0820DFF8E01408606F
:109F000001BD80B501000820DFF8CC24106051F0BD
:109F10008001C9B20220F8F771FD0821DFF8BC24E6
:109F20001160C0B202BD10B513000822DFF8A844CA
:109F300022600A0050F080000100C9B20220F8F748
:109F4000D2FD0820DFF89414086010BD020012F45E
:109F5000F841100080B2000410F000400B009BB2EA
:109F6000002B03D0B3F5F84F19D021E09205920DE4
:109F700013009BB2002B22D0520001E05200491C7A
:109F80005305FBD589B2D1F17001C90592B2DFF852
:109F9000503413EA42330918591808000FE092B2FE
:109FA000DFF83C1411EA4231081810F1FF4006E0D6
:109FB00092B25204520C12F5E03210EB423070476C
:109FC0007FB504000D009FED8C0A2888FFF7BEFFC7
:109FD00000906E466888FFF7B9FF7060A888FFF7A9
:109FE000B5FFB060E888FFF7B1FFF0609DED000AB3
:109FF000DDED000A20EE200AD6ED010A96ED011AE9
:10A0000000EE810AD6ED020A96ED021A00EE810AF0
:10A01000D6ED030A96ED031A00EE810A00F004FA69
:10A02000DFEDA10AB4EE600AF1EE10FA21DBD6ED05
:10A03000030AF5EE400AF1EE10FA02D5B1EE400A3D
:10A04000FFE7D6ED010AC0EE800AC4ED000AD6EDA6
:10A05000020AC0EE800AC4ED010ADDED000AC0EE7E
:10A06000800AC4ED020AD6ED030A80EE800A84ED70
:10A07000030A7FBD2DE9F0412DED048B84B004006F
:10A080000D0016001F0094ED000AD4ED000A20EE2A
:10A09000208A94ED010AD4ED010A20EE200AD4EDC5
:10A0A000020A94ED021A60EE818AB0EE009A30EE58
:10A0B000080AF7EE000A40EE490A94ED010A94ED11
:10A0C000031A20EE010A94ED001AD4ED021A01EEF3
:10A0D000210A20EE090A00F0B7F98DED000AE846E2
:10A0E00094ED000AD4ED030A20EE200AD4ED010A13
:10A0F00094ED021A00EEC10A20EE090A00F0DAF926
:10A10000B1EE400A88ED010A38EE280AF7EE000A9F
:10A1100040EE490A94ED000A94ED011A20EE010A7E
:10A1200094ED021AD4ED031A01EE210A20EE090A79
:10A1300000F08AF988ED020A9FED5C0ADDED000A65
:10A1400060EE800A9FED5A1AC0EE810ACDED000A3A
:10A15000D8ED010A60EE800A9FED551AC0EE810A23
:10A16000C8ED010AD8ED020A20EE800ADFED500AA0
:10A1700080EE200A88ED020A98ED020AB5EE400A48
:10A18000F1EE10FA06D598ED020ADFED920A30EEF4
:10A19000200A01E098ED020A88ED020A0098286082
:10A1A000D8F804003060D8F80800386004B0BDEC7E
:10A1B000048BBDE8F08180B50100C9B20120FFF732
:10A1C0008FFE01BD70B50020002500263000461C22
:10A1D00080B2B0F5807F0ADA0F20FFF792FE04000C
:10A1E0000120F9F791FBE4B2702CEFD100E00125DA
:10A1F0002800C0B270BD0000000000003EB57948E4
:10A20000007806284ED06D468020FFF7D4FF20212D
:10A210001720FFF765FE31210220FFF761FE0024C1
:10A220000CE014F14C01C9B20820FFF759FE0920D7
:10A23000FFF767FE2100C9B26854641C2000C0B259
:10A240000828EEDB00211720FFF74AFE0020FFF769
:10A25000B2FF6B4C69462000FFF7B2FE694B6A4AB9
:10A260006A492000FFF706FF6C46062221002820DD
:10A27000FFF759FE20885C49088060885B490880A8
:10A28000A0885B4908806C46062221002220FFF747
:10A290004AFE208857490880608857490880A0886E
:10A2A0005649088037BD00007012833A00003443DD
:10A2B000DA0F494080B5FFF7A1FF01BD7FB505006A
:10A2C00000244848057008200290022001900220D6
:10A2D000009002234E4A00210220F8F78DFC032350
:10A2E000012201217B20F9F716FA0A20F9F70CFB6D
:10A2F000FFF768FF002808D04FF4D773454A464956
:10A300000020F8F78AFF01245FE004210120FFF715
:10A31000E7FD1E20F9F7F8FA44211220FFF7E0FDCF
:10A3200002211720FFF7DCFD3C4E3D483060042140
:10A330001520FFF7D5FD3B48706015211020FFF771
:10A34000CFFD18211120FFF7CBFD01211620FFF7CB
:10A35000C7FD08211820FFF7C3FD2800C0B206285A
:10A3600033D080210E20FFF7BBFD08211320FFF71B
:10A37000B7FD30216320FFF7B3FDE91C51F0100158
:10A38000C9B21020FFF7ACFDE91C51F01001C9B2B1
:10A390001120FFF7A5FD8020FFF70DFFED0055F020
:10A3A00043052900C9B25E20FFF79AFD022104206F
:10A3B000FFF796FD00211720FFF792FD0020FFF721
:10A3C000FAFE0121372000F0D5F82000C0B204B019
:10A3D00070BD00000000B44384073140880731405D
:10A3E00000E07F00D2AD0328C2AD0328C4AD03282E
:10A3F000C6AD0328BCAD0328BEAD0328C0AD0328FD
:10A4000060AC032890AD03288CAD032888AD0328E9
:10A4100080969800F8D50810A0DB081080AC0328BF
:10A42000E11280453A926441B5EEC00AF1EE10FAAD
:10A4300002D4B1EEC00A70476FF0004C00EE10CAB3
:10A44000AFF300807047000052EC101AB0EEC00A63
:10A45000C80F49005200F0EEE00A28BF0C3011F19D
:10A46000807F38BF12F1807F0CD28A4238BF80F0E3
:10A470000400124214D034BF80EE800A80EE200A1D
:10A4800000F0B4B811F1807F08BF80F0040098BFDD
:10A4900012F1807F08D88A4214BF00224FF07E520A
:10A4A00000EE102A00F0A2B86FF0004100EE101A82
:10A4B0007047000010EE101A4FF07E5201EE902A05
:10A4C000C80F31F0004120D000EE101A914212D88E
:10A4D00071EEC00A0D4A31EE801A61EE200AF1EEEB
:10A4E000E00A914286BF80F0040080EE800A80EE90
:10A4F000200A00F07BB8490011F1807F9CBF6FF00B
:10A50000004100EE101AAFF300807047F404353FAD
:10A510004269012212FA01F1416140697047C06944
:10A52000C84010F00100704770B5040000262100FB
:10A53000C9B208202B4D91FBF0F200FB1211200054
:10A54000C0B2C010C0012844FFF7E9FF00280ED0B8
:10A550002100C9B2082091FBF0F200FB1211E4B215
:10A56000E410E40105EB0400FFF7D2FF0126300000
:10A57000C0B270BD78B58FB004000D003421002248
:10A5800002AE3000F8F708FF08200390EDB2059501
:10A59000012006902100C9B2082002AA91FBF0F325
:10A5A00000FB13110F482300DBB2DB10DB01184462
:10A5B000F9F7C5FA2000C0B2C008C0B21630ADF835
:10A5C00000000720ADF8020001208DF804000322EE
:10A5D0000548E4B2E41050F824106846FAF7EAFAA5
:10A5E00010B070BD00003140E0BF02281AA210EE8A
:10A5F000101A43F2A40CC3F6896CF2EC060A61450A
:10A6000009DB00EE803A70EE800A83EE200A40F00B
:10A61000020010EE101A4900D1F1E6410BD860EEAD
:10A62000000A20EE203A03EE010A01EEA02A42EED3
:10A63000202A80EE220A400810F0020F18BFB1EE67
:10A64000400A02EB8002D2ED000A30EE200A28BF59
:10A65000B1EE400A70470000D7B3DD3F6AD5033F33
:10A660002B94A93DB82A593F0000803F000080BFCD
:10A6700000000000920A063FDB0FC93F920A863FA6
:10A68000DB0FC93F920A0640DB0F4940368D274059
:10A690002DE9FF4104000D0016001F003B682A0051
:10A6A0003100200000F0E5F934E0DFF89C044FF4BD
:10A6B000FC61009118F150039BB250F828200D3234
:10A6C00092B218F1500189B250F828000E3080B2D1
:10A6D000F6F794FFDFF874044FF4FC61009118F171
:10A6E00050039BB250F828200F3292B218F150015B
:10A6F00089B250F828000E3080B2F6F77FFFB8F12B
:10A700000108B8F1010FD0DA3B682A0031002000BF
:10A7100000F0AFF90423DFF838040268302100208C
:10A72000F7F7DDF90423DFF82C0490ED000ABDEE05
:10A73000C00A10EE102A40210020F7F7D0F92200BD
:10A740003900300000F085F822003900300000F0B8
:10A75000C4F8380000F001F9012874D000F048F97D
:10A76000012874D0DFF8F00390ED000AF7EE000A3C
:10A77000B4EE600AF1EE10FA33DB00210160DFF87D
:10A78000DC03DFF8DC130161DFF8D8138161DFF847
:10A79000D8039FED960A80ED040A002141615FF025
:10A7A0007E518161DFF8C403DFF8C4130161DFF873
:10A7B000C413DFF8C4230A61DFF8C013DFF8C02335
:10A7C0000A6100224A615FF07C528A61DFF8B413AB
:10A7D000DFF8B4230A6100224A6100228A6180ED19
:10A7E000000ADFF8A88398F8000000288CD000F059
:10A7F000FEF900F0DFF93C225E21DFF8940300F05F
:10A800008DFADFF89013087000F028FBF6F79CFB38
:10A81000F6F714F9F5F7FCFFF6F746F8002088F88C
:10A820000000002003903C2002905E2001903C201C
:10A8300000905E23DFF8602350210E20F7F76AFABC
:10A840005FF031085DE7386804B0BDE8F081386832
:10A85000FAE7F8B506000C001500DFF84073386819
:10A86000012839D1F6F72AFE00203860DFF83013CE
:10A870000868002808D12068401C20602068761CE9
:10A88000B04201D1012020600868012824D10020B5
:10A8900000E0401C02281FD2C24902018A58C24B64
:10A8A0001B689A42F5D102010A445268AA42F0D1CB
:10A8B00002010A44926823689A42EAD102010A44DA
:10A8C000D26892ED000AFFEE000A30EE200A000185
:10A8D0000844C06880ED000AF1BDF8B506000C0020
:10A8E0001500AE4F3868022836D1F6F7E7FD002094
:10A8F0003860AB490868002806D12068401E2060F7
:10A900002068002800D126600868012824D1002092
:10A9100000E0401C02281FD2A24902018A58A24B23
:10A920001B689A42F5D102010A445268AA42F0D14A
:10A9300002010A44926823689A42EAD102010A4459
:10A94000D26892ED000AF7EE000A30EE200A00010C
:10A950000844C06880ED000AF1BD70B504008F4D59
:10A960002868032840D1F6F7A9FD002028608E4909
:10A970000868401C08600868022806DB012008609F
:10A9800001208749086001202FE0002200E0521CCE
:10A99000022A0BD21423854D03FB02F02844806861
:10A9A0000028F4D000205A432A449060002300E09D
:10A9B0005B1C022B18D214207C4A00FB03F555596E
:10A9C0000E68B542F4D100FB03F515446D682668A6
:10A9D000B542EDD1012100FB03F01044816001205C
:10A9E00073490860012000E0002070BD000048436A
:10A9F00038B56A4C2068042839D1F6F75FFD00208D
:10AA0000206067480168012903D10021016001200D
:10AA10002EE065490868401E08600868002801D5D6
:10AA200000200860002200E0521C022A0BD21423EE
:10AA30005E4C03FB02F0204480680028F4D0002024
:10AA40005A4322449060002300E05B1C022B0ED28C
:10AA50001420564A00FB03F414590D68AC42F4D19B
:10AA6000012100FB03F010448160012000E0002080
:10AA700032BD2DE9F04104000D0016001F005FF00B
:10AA800001080BE006EB880050F8042C5FEA08117F
:10AA900089B20020F6F7CEFF18F101084545F1DA3A
:10AAA0003F480068002806D14F22390189B2702042
:10AAB000F6F7C6FE05E05822390189B26E20F6F796
:10AAC000BFFE00251DE0374829014158364A12686B
:10AAD000914215D1290101444968A14210D10323B3
:10AAE000032229010144C96891ED000AB7EEC00AAA
:10AAF000290108448068010189B23020F7F75EF827
:10AB00006D1C022DDFD3BDE8F08138B5002417E0BD
:10AB10001420264D00FB04F12944896801290ED137
:10AB2000234B00FB04F129440A6900FB04F129448A
:10AB3000C96800FB04F028444068FFF7A9FD641CC5
:10AB4000022CE5D331BD0000F4A40328E4A50328BA
:10AB500050AD032820AD0328C0AC0328C8A90328A2
:10AB6000A69B443C6F12033A94A9032860A90328CA
:10AB70008FC2F53CFCA903286F1203BC64AA03280A
:10AB8000000020432CA903280000B4C2D3AD032841
:10AB900014710328CBAD03281C870328A8AC032815
:10ABA000B4AC0328A4BF0228B0AC03287CBF0228A1
:10ABB0006CBF022810B4002013E0DFF8F0224FF43D
:10ABC000BC7303FB00F31A4412F81120DFF8E032E3
:10ABD0005E2404FB00F423445A54491C5E29ECDB38
:10ABE000401C3C2801DA0021F8E710BC70472DE931
:10ABF000F043012189E076235E24BC25DFF8B462AE
:10AC0000DFF8A8020F00BFB26F43074494461FFA53
:10AC10008CFC080080B26843304496461FFA8EFED2
:10AC2000704410F8BD0C8E461FFA8EFE05FB0EFE1A
:10AC3000B64490461FFA88F8C6441EF8BBEC5EFA8C
:10AC400080FE080080B26843304490461FFA88F8BE
:10AC5000404410F8BC0C88461FFA88F805FB08F839
:10AC6000B04491461FFA89F9C84418F8018C58FA83
:10AC700080F0584304FB0E0E080080B26843304455
:10AC800090461FFA88F810F80880932000FB08EE21
:10AC9000080080B26843304490461FFA88F8404468
:10ACA000407803FB00EE080080B2684330449046D1
:10ACB0001FFA88F8404490F8BB0004FB00EE08003F
:10ACC00080B26843304490461FFA88F8404490F8B8
:10ACD000BC0003FB00E3080080B205FB00F506EBB7
:10ACE00005001500ADB2284490F8BD0004FB003308
:10ACF0004FF47A7093FBF0F007F80C00521C100030
:10AD000080B2BB28FFF677AF491C080080B27728D5
:10AD100001DA0122F3E7BDE8F0830000F8B5ADF5F4
:10AD2000006D04000D0016004FF4806100220DF547
:10AD300080673800F8F730FB68464FF48061FAF717
:10AD4000D7F8290089B2300080B2414300EE901A52
:10AD50000020002119E00DF580632F00BFB207FB32
:10AD60000127E75DAC461FFA8CFC0CFB012C14F8A4
:10AD70000CC053F82CC01CF1010C43F827C0521C26
:10AD80002B009BB29A42E6DB491C320092B2914200
:10AD900001DA0022F4E79FED440A00211BE06A4635
:10ADA0000DF5806303EB810393ED001AB8EEC11A31
:10ADB000F8EEE01A81EE211A02EB810383ED001A0E
:10ADC00001EE101AB8EEC11A02EB8102D2ED001AA0
:10ADD00001EE210A491CB1F5807FE0DBDFED320A8C
:10ADE0009FED311ADFED301A00222FE0694601EBAA
:10ADF000820393ED002A31EE021A02EE102AB8EE19
:10AE0000C22A01EB8201D1ED002A42EE221A81EE24
:10AE1000812A32EE402AB7EEC22A22EE022BB7EE8A
:10AE2000C13A22EE032BB7EE003A33EE413AB7EEC9
:10AE3000C33A82EE032BB7EEC22BF4EE420AF1EED8
:10AE400010FA02D5F0EE420A1000521CB2F5807FD3
:10AE5000CCDBC0B20DF5006D01B0F0BD10B4002028
:10AE600000E0401C3C281CDA002106E0124B02FBEB
:10AE700000F21A440023535411E05E29F1DA5E22F5
:10AE80000B4B02FB00F423445B5C0C4C2478A34284
:10AE9000ECD3094B02FB00F21A44FF235354491C24
:10AEA000EBE710BC7047000000000000D4C002288F
:10AEB00014710328F41803281C870328CBAD03283A
:10AEC00080B5002000F0FDFADFF8880301680A3140
:10AED000016000F00DFCDFF8800390ED000ADFED6B
:10AEE000840AB4EE600AF1EE10FA07D590ED000A7C
:10AEF000F7EE000A30EE200A80ED000ADFF85C135E
:10AF0000DFF85C03B0F91220B0F91000121A00EE5D
:10AF1000102AB8EEC00AB7EEC00AB0EE002B80EEE1
:10AF2000020BB7EEC00B81ED000A91ED000ACD488F
:10AF300000F046FCB7EEC00A9FED6E2B9FED6F3B15
:10AF400000EE023BB7EEC30BDFF8840380ED000A8E
:10AF500001BD000038B5012000F0B3FAC24890ED01
:10AF6000000AC24800F02CFCC14880ED000ABA4833
:10AF700090ED000ADFED5E0AB4EE600AF1EE10FA21
:10AF80000EDB90ED000ADFED7A0AB4EE600AF1EE16
:10AF900010FA05D5BA49B94A12680A60B549016084
:10AFA000B548B64991ED000AB549D1ED000A30EE39
:10AFB000600A80ED000ADFED6F0A90ED000AB4EE42
:10AFC000600AF1EE10FA08DB90ED000A9FED6A1AB4
:10AFD00030EE010A80ED000A10E090ED000A9FEDCE
:10AFE000B01AB4EE410AF1EE10FA07D590ED000A5E
:10AFF0009FED621A30EE010A80ED000AA14C216833
:10B00000491E022923D290ED000A9F4890ED001AB4
:10B0100030EE410AB4EE600AF1EE10FA03DBDFED28
:10B02000560A30EE200ADFED9E0AB4EE600AF1EE19
:10B0300010FA03D5DFED510A30EE200A93480021C3
:10B04000016000F0BDFB924880ED000A0EE0206830
:10B05000002802D02068032808D18E4890ED000A0D
:10B060008D4800F0ADFB8A4880ED000A2068022878
:10B0700039D18A4890ED000AB5EE400AF1EE10FA97
:10B0800006DB90ED000ADFED860A30EE200A05E0CF
:10B0900090ED000ADFED830A30EE200A824D8348EE
:10B0A00000F08EFB85ED000A874C95ED000ADFED80
:10B0B000800A20EE200AB7EEC00A00F073FD9FED73
:10B0C0007D2B20EE020BB7EEC00B84ED000AB2EE32
:10B0D0000A0AD4ED000AF4EE400AF1EE10FA05DB9C
:10B0E00084ED000A02E078480021016031BD0000D3
:10B0F00000007A449A9999999999F93F7B14AE473F
:10B10000E17A324080B5022000F0DBF900F0C6FDA4
:10B110006A48B0F90000404200EE100AB8EEC00ADA
:10B12000534800F04DFB664880ED000A00F0D2FE67
:10B13000644890ED000AB8EEC00A554800F040FBA4
:10B140006148624991ED000AD0ED000A30EE601AC4
:10B1500091ED000AD0ED000A70EE200A5C4890EDF7
:10B16000000AFEF77DFAFDF7D5FF00F0D3FE01BD22
:10B1700001808944010034430000B4C30000B4439B
:10B1800080B5032000F09DF901BD80B5042000F0DA
:10B1900098F901BD80B5052000F093F901BD80B597
:10B1A000062000F08EF901BD80B5072000F089F976
:10B1B00001BD80B5082000F084F901BD80B50920EB
:10B1C00000F07FF901BD80B50A2000F07AF901BDD9
:10B1D00080B50B2000F075F901BD80B50C2000F0A2
:10B1E00070F901BD80B50D2000F06BF901BD80B58F
:10B1F0000E2000F066F900F02BFF01BD80B50020A5
:10B20000F8F7F6FE002801D0F7F7D9FF01BD80B5A9
:10B210000120F8F7EDFE002803D000F0C5FC00F097
:10B2200059FE01BD80B50220F8F7E2FE002801D0EA
:10B2300000F04CFF01BD80B50320F8F7D9FE01BD39
:10B2400080B50420F8F7D4FE002802D02148006819
:10B25000804701BD4CAD0328B8AC0328D4AC03280B
:10B2600000AC032860A903288CAD032894A9032807
:10B27000C8A9032800009644E0AC032890AD032839
:10B28000BCAC032850AD032868AD032864AA03288A
:10B29000FCA9032820AD03282CA9032888AD032886
:10B2A000000034C300003443C8AC032830AA03288C
:10B2B00035FA8E3C0000000000804A40BEAD0328F5
:10B2C000CCAA0328CCAC0328ACAC032864BF02286A
:10B2D00068BF0228D0BF022880B50520F8F788FE95
:10B2E00001BD80B50620F8F783FE01BD704780B52B
:10B2F0000820FFF719F90920FFF716F901BD80B5FD
:10B300001020FFF711F91420FFF70EF901BD704767
:10B310007047704780B53720FFF706F9002801D045
:10B32000FEF7C8FF01BD7047704770477047704710
:10B33000704780B56F20FFF7F7F8002801D000F0C4
:10B340004CFF01BD704770477047704770477047AA
:10B350007047704770477047022801D3012010E002
:10B360000B00DBB2042B01DB01200AE0DFF86C33B9
:10B3700003EB8000C9B2405C824201D3012000E0AF
:10B3800000207047F8B506000F0015001C00022EC3
:10B3900001D301201DE02A003900C9B23000FFF7B7
:10B3A000DBFF012801D1012013E03800C0B20028E2
:10B3B00012D1B4F5807F0DD2DFF824037603304438
:10B3C00000EB850010F58050016864F30F210160E7
:10B3D0000020F2BD0120FCE7FFB2012F11D1B4F52E
:10B3E000803F0CD2DFF8F8027603304400EB850092
:10B3F00010F5A050016864F317210160E8E701200F
:10B40000E7E70120E5E700B20012C0B27047F8B5E7
:10B4100005000E001700280000B2FFF7F4FF04003B
:10B420002000C0B2022801D3012023E03A003100FD
:10B43000C9B22000C0B2FFF78FFF012801D101205F
:10B4400018E0A7492000C0B2400308442A00D2B245
:10B4500000EB8200D0F8000CF6B266F3092067F327
:10B460000700E4B264032144EDB201EB8501C1F8A9
:10B47000000C0020F2BD70B504000D001600022C77
:10B4800001D301201CE032002900C9B22000FFF7DF
:10B4900063FF012801D1012012E09149600308589F
:10B4A00050F0004050F0407050F47F00EDB265F372
:10B4B000092066F3070062038850640308590020DE
:10B4C00070BD80B50100C9B2032906DA8549C0B252
:10B4D000C0010844F9F7FDFC07E08349C0B2C00190
:10B4E0000844B0F5C070F9F7F4FC01BD70B596B032
:10B4F00004000D005021002202AE3000F7F74CFF8F
:10B5000000262000C0B203286ADA002201212000B0
:10B51000C0B200F2711000B2FFF779FF2000C0B294
:10B5200000F2711000B2FFF76EFF09230022012123
:10B53000C0B2FFF727FF2000C0B200F2711000B2C6
:10B54000FFF761FF00220121C0B2FFF794FF200046
:10B55000C0B210F5D570ADF800000220ADF80200C1
:10B5600001208DF80400032260482100C9B250F880
:10B5700021106846F9F71EFBED00029500208DF8BA
:10B580000C0000208DF80D0000208DF80E0000202A
:10B590008DF8100003208DF84C000120149000203D
:10B5A0008DF8540000208DF855004E4D02A9200062
:10B5B000C0B2C0012844F9F7BDFB2000C0B2C001F1
:10B5C0002844F9F777FC2000C0B2C0012844F9F7FD
:10B5D00088FCE4B2E40105EB0400F9F774FC7AE0BE
:10B5E000002201212000C0B210F5B17000B2FFF7B7
:10B5F0000EFF2000C0B210F5B17000B2FFF703FFDC
:10B60000092300220121C0B2FFF7BCFE2000C0B216
:10B6100010F5B17000B2FFF7F6FE00220121C0B2B2
:10B62000FFF729FF2000C0B200F29B10ADF8000028
:10B630000220ADF8020001208DF8040003222B48FF
:10B640002100C9B250F821106846F9F7B3FAED00AD
:10B65000002005E0B5F5803F01D3761C6D08401C45
:10B660000828F7DB02958DF80C6000208DF80D009E
:10B6700000208DF80E0000208DF8100003208DF8BA
:10B680004C000120149000208DF8540000208DF80B
:10B690005500154D02A92000C0B2C0012844B0F5E4
:10B6A000C070F9F747FB2000C0B2C0012844B0F5D4
:10B6B000C070F9F7FFFB2000C0B2C0012844B0F50C
:10B6C000C070F9F70EFCE4B2E40105EB0400B0F53C
:10B6D000C070F9F7F8FB16B070BD000094DC0810DC
:10B6E00000000440000059400080584040C002283B
:10B6F00010B5314C231D14F10802A021206800F080
:10B7000019F814F1100314F11402A121E06800F0FB
:10B7100011F814F11C0314F12002A221A06900F019
:10B7200009F814F1280314F12C02A321606A00F037
:10B7300001F810BDF8B507000C0015001E00687870
:10B740002870A87868702000C0B2B847A870287820
:10B75000697888422FD16878A97888422BD13068DF
:10B76000002820D1A87800281DD12000C0B2A02830
:10B7700002D10320114908602000C0B2A12802D1E3
:10B7800004200E4908602000C0B2A22802D1022085
:10B790000A490860E4B2A32C02D1012007490860DD
:10B7A0000120306007E03068012804D1A878012822
:10B7B00001D100203060F1BD34BF0228A8AC0328BD
:10B7C000D0ED000A30EEC00A80ED010A364991ED55
:10B7D000010ADFED330AB4EE600AF1EE10FA01DB84
:10B7E000324A4A6091ED010ADFED2E0AB4EE600A9A
:10B7F000F1EE10FA01D52E4A4A6090ED070AD0ED1D
:10B80000010A30EE200A80ED070A90ED070AD0ED1C
:10B81000080AB4EE600AF1EE10FA01DB016AC161B8
:10B8200090ED080AB1EE400AD0ED070AB4EE600AC6
:10B83000F1EE10FA01DB016AC16190ED040AD0ED6E
:10B84000010A20EE200AD0ED050A90ED071A00EE5D
:10B85000810AD0ED010A90ED021A70EEC10A90ED56
:10B86000061A00EE810A80ED090A4168816090EDB8
:10B87000090AD0ED0A0AB4EE600AF1EE10FA01DB13
:10B88000816A416290ED0B0AD0ED090AB4EE600ABC
:10B89000F1EE10FA01DBC16A416290ED090A7047CE
:10B8A00001004843000048C364AA03280000A0C068
:10B8B0000000A0409FED8F2B20EE021B53EC112BBC
:10B8C0001946F0B421F0004457EC116B274647ECC1
:10B8D000126B9FED8A4BB4EE442BF1EE10FA2DED76
:10B8E000068B2BD5B6EE002B53EC122B01F000414A
:10B8F000194355EC124B0D4645EC124B32EE011B31
:10B90000BDEEC11B11EE101A002900F09D80BAEEA9
:10B91000C21B9FED7C3B01EE030B9FED7C5B01EEB8
:10B92000050B9FED7C7B01EE070B9FED7C9B01EEF1
:10B93000090B9FED7C3B01EE030B85E055EC104BB2
:10B940006B0043EAD4735A15DB1712F1010F14D1BF
:10B950004FF0FF30834208BF824208D12D0345EAF1
:10B9600014552403002D08BF002C40F0BF80BDEC0F
:10B97000068B9FED6E0BF0BC704724F0000235F093
:10B98000004308BF002A08D1002800F0AF80BDECBA
:10B99000068BB7EE000BF0BC7047B6EE002B53ECF5
:10B9A000122B01F00041194355EC124B0D4645ECAA
:10B9B000124B32EE011B53EC112B5D0045EAD275A0
:10B9C0005400002D08BF002C19D040F23341A1EBE8
:10B9D0005551352904DB02F0000203F000430CE06E
:10B9E000202903DD2039CB408B4000E001D100222B
:10B9F00003E00029C4BFCA408A4043EC112B53EC3A
:10BA0000112B22F0000433F0004508BF002C17D0A2
:10BA10009FED483B21EE032B9FED3A5B02EE050BB9
:10BA20009FED3A7B02EE070B9FED3A9B02EE090B6E
:10BA30009FED3AAB02EE0A0B9FED3A5B02EE050B6F
:10BA4000BDEEC11B11EE101A53EC102B23F0004376
:10BA500001F0030143EC112B9FED383B0818B4EEC5
:10BA6000431BF1EE10FA04D5C1073BD5B7EE000B2E
:10BA700038E0C10720EE001B1AD59FED322B9FED59
:10BA8000334B01EE024B9FED336B04EE016B9FEDE8
:10BA9000338B06EE018B9FED332B08EE012B9FEDD0
:10BAA000334B02EE014BB7EE000B04EE010B19E035
:10BAB0009FED307B9FED314B01EE074B9FED318BBE
:10BAC00004EE018B9FED31AB08EE01AB9FED317BB6
:10BAD0000AEE017B9FED314B20EE012B07EE014B6F
:10BAE00002EE040B800748BFB1EE400BBDEC068BA5
:10BAF000F0BC704783C8C96D305FE43F0000A0FF11
:10BB0000FFFFDF4100000050FB21B9C100000060D1
:10BB1000B41011C00000002026A651BE0000000095
:10BB20005C14D3BC000000209A833BBBFFFFFFFFE7
:10BB3000FFFFFF7F000000000000303E000000001B
:10BB40000000403E09260A1039BA213E3BA861C6D2
:10BB5000F97D92BE63AC30909F01FA3EF6FB511620
:10BB60006CC156BFB10255555555A53FAEFFFFFFFD
:10BB7000FFFFDFBFB08F2FC310D8E53D8F0C73A13F
:10BB8000E1E55ABE4DADE44FE31DC73E3EE3B519B6
:10BB9000A0012ABFFAF010111111813F42555555ED
:10BBA0005555C5BF002085E61CB569460120F8F74C
:10BBB000D2FB002850D09DF80000A52805D14D48A3
:10BBC000C179A52901D0002181734A4B9DF800005D
:10BBD000997B1944C871987B401C9873987B0728FF
:10BBE0003ADBD879A5282FD10020D873002106E0B0
:10BBF000DA7B03EB0100C0798218DA73491C06294D
:10BC0000F6DBD87B597B884215D1187A022809D1F6
:10BC1000587A997A51EA00211982D87A197B51EA27
:10BC2000002159820020987307210022DC1D20008A
:10BC3000F7F7B2FB10E00020987307210022DC1D0B
:10BC40002000F7F7A9FB07E00020987307210022E6
:10BC5000DC1D2000F7F7A0FB13BD80B5254BA52206
:10BC60001A7001225A70020012B212129A70D87021
:10BC7000080000B20012187159710020987100215B
:10BC800004E09A79585C82189A71491C0629F8DBFD
:10BC9000072219000120F8F741FB01BD80B51549C5
:10BCA000A520087002204870002088700020C8700D
:10BCB0000020087100204871A72088710722012008
:10BCC000F8F72CFB01BD38B507210022094C2500EF
:10BCD0002800F7F761FB07210022E51D2800F7F790
:10BCE0005BFB0020A0730020E07300206082002036
:10BCF000208231BD00AC032880B5102310225FF4F0
:10BD0000E1210120F8F7C8FC01210120F8F7EBFB45
:10BD1000FFF7D9FF00210020FFF79FFFFFF7BEFFCD
:10BD200001BD00009C48002101600021416200210A
:10BD30004160002181600021C161984901620021B8
:10BD4000016100214161002181619549816295492C
:10BD5000C162B5490163704793488F490968016022
:10BD60000021416200214160002181600021C16108
:10BD70008E49016200210161002141610021816140
:10BD80008B498162A949C16270478A488A4901602A
:10BD90000021416200214160002181600021C161D8
:10BDA0008649016200210161002141610021816118
:10BDB000834981629E49C1627047824800210160C7
:10BDC0000021416200214160002181600021C161A8
:10BDD0000021016100214161002181617A49816274
:10BDE0009449C16270477948002101600021416295
:10BDF00000214160002181600021C16100210161B9
:10BE00000021416100218161714981628A49C162D9
:10BE100070477048002101600021416200214160AB
:10BE2000002181600021C1615FF07E51016100212C
:10BE3000416100218161684981626849C1627A4932
:10BE400001637047664800210160002141620021C2
:10BE50004160002181600021C16100210161002158
:10BE60004161002181615F4981625F49C1626E4920
:10BE7000016370475D48002101600021416200219B
:10BE80004160002181600021C1614449016258493B
:10BE900001615849416100218161574981626749C7
:10BEA000C1627047554800210160002141620021B4
:10BEB0004160002181600021C16151490162514905
:10BEC00001615149416100218161504981625C49B0
:10BED000C16270474E484F494F4AB2F9002000EE08
:10BEE000102AB8EEC00AB7EEC00A9FED4C2B20EE28
:10BEF000020B91ED001AB8EEC11AB7EEC11A9FED10
:10BF0000513B01EE030BBDEEC00B80ED000A006853
:10BF10000860704780B52D48384991ED000AD0ED92
:10BF2000090A30EE600A3F4AD2ED000AF8EEE00A54
:10BF300030EE200ABDEEC00A10EE102A91ED000A84
:10BF4000D0ED090A30EE200A4048D0ED000AF8EEA4
:10BF5000E00A30EE200ABDEEC00A10EE100A322AC6
:10BF600000DB32227FF030018A4201DA7FF03102B9
:10BF7000322800DB3220884201DA7FF03100642170
:10BF800010FB01F109B27FF0630012FB00F000B278
:10BF9000FFF763FE01BD000060A903280000A04177
:10BFA00000004041000040C12CA903280000C0400F
:10BFB0008096184B94A90328000090400000D243BB
:10BFC00000401C46C8A9032800001644FCA9032809
:10BFD0000000F04130AA032800004842000048C297
:10BFE00064AA03280000FA440000FAC498AA0328AF
:10BFF0004260E53B17B7D1390000C841CCAA0328FD
:10C0000000002041E3A59B3C17B751380000FA43DC
:10C01000CCAC0328D0AC0328C0AD03289A999999D9
:10C020009999C93FD8AC0328000080BF809618CBEF
:10C0300000401CC6000016C40000F0C10000C8C1CA
:10C040000000FAC39A9999999999E93FDCAC0328C1
:10C05000F8B51948007800282DD00020174C08208A
:10C060002060174D042028600820286004202060EC
:10C070000820206004202860002615E008202860A1
:10C08000104F072000F0B6F83100C9B227F81100B0
:10C09000042000F0AFF83100C9B207EB4101A1F86C
:10C0A000000108202060761C3000C0B28028E5DB4B
:10C0B000012005490870F1BDD6AD032808033140C1
:10C0C00004033140249D0328D7AD032810B5074C45
:10C0D00021000120F8F73FF9002804D001222100B7
:10C0E0000148F8F722FC10BDE8AB0328CFAD0328C8
:10C0F0003EB53C48007800286ED00321002201ACF8
:10C100002000F7F749F9002000208DF8040001AC69
:10C1100031206070344D012000900DF106030222A1
:10C1200001A92800FCF7F6FEA07800284DD00020D9
:10C130008DF80400862060700120A070002000901F
:10C1400001AB032201A92800FCF7E4FE00208DF8D2
:10C15000040089206070012000900DF10603022286
:10C1600001A92800FCF7D6FEA078892825D1002057
:10C170008DF80400962060700220009001AB02222E
:10C1800001A92800FCF7C6FE9DF80400617851EA79
:10C190000021080000B240F6A172904207D34FF48C
:10C1A00000501249088000201149087014E00F481F
:10C1B000018001200E4908700EE04FF400500B4939
:10C1C000088000200A49087006E04FF40050074933
:10C1D000088000200649087037BD80B5FFF788FF4A
:10C1E00001BD0000D0AD032850AC0328C4C0022814
:10C1F000D1AD032830B40100C9B249090200D2B25E
:10C20000202392FBF3F403FB1422154BC0B21B5CFA
:10C210005B00D3F10403134C0800C0B254F82000B3
:10C220001500EDB2AD01284400F63C00056855F05C
:10C23000010505600800C0B254F82000D0F80002E3
:10C24000C00F0028F6D1C9B254F82100D2B2920131
:10C250001044D0F8240880B2184180B230BC704736
:10C26000A4A80328D4BF0228022801D3012010E08B
:10C270000B00DBB2042B01DB01200AE0DFF8B43352
:10C2800003EB8000C9B2405C824201D3012000E090
:10C2900000207047F8B506000F0015001C00022EA4
:10C2A00001D301201DE02A003900C9B23000FFF798
:10C2B000DBFF012801D1012013E03800C0B20028C3
:10C2C00012D1B4F5807F0DD2DFF86C0376033044D1
:10C2D00000EB850010F58050016864F30F210160C8
:10C2E0000020F2BD0120FCE7FFB2012F10D1B4F510
:10C2F000803F0BD2D0487603304400EB850010F528
:10C30000A050016864F317210160E9E70120E8E724
:10C310000120E6E700B20012C0B27047F8B5050090
:10C320000E001700280000B2FFF7F4FF0400200001
:10C33000C0B2022801D3012023E03A003100C9B283
:10C340002000C0B2FFF790FF012801D1012018E0C2
:10C35000B9492000C0B2400308442A00D2B200EB21
:10C360008200D0F8000CF6B266F3092067F30700EC
:10C37000E4B264032144EDB201EB8501C1F8000C85
:10C380000020F2BD70B504000D001600022C01D390
:10C3900001201CE032002900C9B22000FFF764FF31
:10C3A000012801D1012012E0A3496003085850F090
:10C3B000004050F0407050F47F00EDB265F309206A
:10C3C00066F307006203885064030859002070BDBB
:10C3D00010B59A48F8F77DFD45F6200213009849FC
:10C3E0000C00012B0EDB14F01F00C318BFF34F8F9E
:10C3F000944804602034203B012BF9DABFF34F8FBF
:10C40000BFF36F8F904C2000F9F758FE01208F4941
:10C41000087010BD10B596B040F2611400220121E1
:10C420002000FFF77BFF2000FFF774FF09230022A5
:10C430000121C0B2FFF72EFF2000FFF76BFF0022A3
:10C440000121C0B2FFF79EFF4FF4CD70ADF80000A0
:10C450000320ADF8020001208DF8040000227C4981
:10C460006846F8F7A7FB5021002202AC2000F6F73F
:10C4700093FF0020029000208DF80C0001208DF821
:10C480000D0000208DF80E0000208DF81000032014
:10C490008DF84C000120149000208DF854000020ED
:10C4A0008DF85500654C02A92000F8F743FC2000E8
:10C4B000F8F700FD2000F8F706FD6648F8F711FDD3
:10C4C00016B010BD10B58EB001248A2000908923CB
:10C4D0004FF4C87200210AA8FCF7DEFD0AA8FBF79A
:10C4E00003FF002817D168465B492822F9F7F6FDBB
:10C4F0005A480178491CBC2211FB02F1ADF8121018
:10C500000078401C782110FB01F0ADF81600684659
:10C51000FBF71AFF04002000C0B20EB010BD2DE9D9
:10C52000F8430020BFF34F8FBFF36F8F4C4C206850
:10C5300030F4003020604B4E00203060BFF34F8F4E
:10C54000BFF36F8F484F00203860BFF34F8F2068D4
:10C5500030F480302060BFF34F8FDFF81081D8F8BF
:10C560000010C1F34E32C1F3C90343F6E07515EA7A
:10C57000421050EA8370DFF8F8C0CCF800001800D1
:10C58000431E0028F1D11000421E0028EBD1BFF35A
:10C590004F8FBFF36F8F782036490880BC20364913
:10C5A0000880FFF78FFF81464846C0B2002801D1BE
:10C5B000FFF730FF2068800311D4BFF34F8FBFF324
:10C5C0006F8F00203060BFF34F8FBFF36F8F2068F5
:10C5D00050F400302060BFF34F8FBFF36F8F20689F
:10C5E000C00321D400203860BFF34F8FD8F800106B
:10C5F000C1F34E32C1F3C90315EA421050EA837009
:10C600001E4E30601800431E0028F5D11000421E57
:10C610000028EFD1BFF34F8F206850F480302060A6
:10C62000BFF34F8FBFF36F8F4846C0B2BDE8F283B0
:10C630000000000094DC081000000440801D5840F9
:10C64000246002285CEF00E0F4180328D3AD03282F
:10C65000D1C30810001E58407CDA0810D4AD03285E
:10C6600014ED00E050EF00E084ED00E080ED00E02C
:10C6700074EF00E0F06B0028F26B002860EF00E040
:10C680000000000000000000002F00000000070074
:10C69000070000147F147F1400242A7F2A120062EE
:10C6A000640813230036495522500000050300009A
:10C6B00000001C224100000041221C000014083E22
:10C6C00008140008083E0808000000A060000008E8
:10C6D00008080808000060600000402010080402FC
:10C6E000003E5149453E0000427F400000426151FA
:10C6F0004946002141454B31001814127F10002794
:10C7000045454539003C4A49493000017109050356
:10C7100000364949493600064949291E0000363687
:10C7200000000000563600000008142241000014EA
:10C7300014141414000041221408000201510906C7
:10C7400000324959513E007C1211127C007F494948
:10C750004936003E41414122007F4141221C007F79
:10C7600049494941007F09090901003E4149497A87
:10C77000007F0808087F0000417F41000020404101
:10C780003F01007F08142241007F40404040007F6D
:10C79000020C027F007F0408107F003E4141413EB1
:10C7A000007F09090906003E4151215E007F0919F9
:10C7B00029460046494949310001017F0101003FF6
:10C7C0004040403F001F2040201F003F4038403F76
:10C7D00000631408146300070870080700615149DA
:10C7E000454300007F414100020408102040000042
:10C7F00041417F00000402010204004040404040EB
:10C80000000001020400002054545478007F484482
:10C81000443800384444442000384444487F0038B9
:10C820005454541800087E0901020018A4A4A47CE2
:10C83000007F080404780000447D400000408084AC
:10C840007D00007F102844000000417F4000007CF4
:10C8500004180478007C0804047800384444443800
:10C8600000FC242424180018242418FC007C08044C
:10C87000040800485454542000043F444020003C25
:10C880004040207C001C2040201C003C4030403CAC
:10C89000004428102844001CA0A0A07C004464543C
:10C8A0004C4414141414141438B500F077F900F043
:10C8B00042F800F0C9F871490868800312D4BFF348
:10C8C0004F8FBFF36F8F00206D4A1060BFF34F8F03
:10C8D000BFF36F8F086850F400300860BFF34F8FCC
:10C8E000BFF36F8F0868C00324D40020654A10602E
:10C8F000BFF34F8F64480268C2F34E33C2F3C904DA
:10C9000043F6E07010EA431050EA84705F4D2860EF
:10C910002000441E0028F3D11800431E0028EDD14A
:10C92000BFF34F8F086850F480300860BFF34F8F1B
:10C93000BFF36F8F31BD70B586B068465449182279
:10C94000F9F7CCFB00200AE069460200D2B201EB05
:10C95000C2014968491C11F0070F0DD1401C0100AC
:10C96000C9B2032909D269460200D2B211F83210C5
:10C9700011F0070FE8D0FEE7FEE7464C207810F0F4
:10C98000070F00D0FEE7444D2868401C10F0070F49
:10C9900000D0FEE7002622E068463100C9B200EB75
:10C9A000C10041683000C0B252F8300000F043F8D6
:10C9B00014E000200028EFD02168491E3000C0B2EA
:10C9C00052F8300000F037F868463100C9B200EB89
:10C9D000C10041682868401C00F02DF8761C30002A
:10C9E000C0B2032825D26A463000C0B252F83000E7
:10C9F000002813D020683100C9B252F831108842A3
:10CA00000AD368463100C9B200EBC1004068216812
:10CA1000884201D30120CDE70020CBE768463100F2
:10CA2000C9B200EBC100406821688842C1D301202F
:10CA3000C0E706B070BD0022002302E0C0E9002379
:10CA400008308842FAD3704730B41448800814493B
:10CA5000144A002308E01C00E4B252F824401D00F0
:10CA6000EDB241F825405B1C1C000500E4B2EDB2BC
:10CA7000AC42F0D30C48016030BC704714ED00E0CC
:10CA800050EF00E084ED00E080ED00E060EF00E0BA
:10CA9000F4DB0810A8D20810ACD208108000000007
:10CAA00000AE03280000081008ED00E010B50020DB
:10CAB00042490860BFF34F8F41480168C1F34E32CD
:10CAC000C1F3C90343F6E07010EA421050EA8370E4
:10CAD0003C4C20601800431E0028F3D11000421E79
:10CAE0000028EDD1BFF34F8FBFF36F8FBFF34F8F90
:10CAF000BFF36F8F002034490860BFF34F8FBFF33F
:10CB00006F8F00F001F810BD38B586B068462F4928
:10CB10001822F9F7E3FA6846FBF706F8C0B20028D6
:10CB20000DD02B4C18222B492000FBF7C9FA00200E
:10CB3000E0754E20284908600020FBF7F9FA274DE0
:10CB40002800FBF793FAC0B200280DD0204C182221
:10CB500020492000FBF7B4FA0020E07550201E4960
:10CB600008600020FBF7E4FA1D49286808600A689D
:10CB70001C4882181C48B2FBF0F01C4A10601C488C
:10CB8000096801F2E7314FF47A72B1FBF2F101600A
:10CB90000068C0031749086007B030BD80B500F0D9
:10CBA0002DF815490A6852F470020A60BFF34F8FDE
:10CBB000BFF36F8F00F026F801BD000084ED00E0A8
:10CBC00080ED00E074EF00E050EF00E00CDC0810B6
:10CBD000B8AB032850D10810A4AC03286CAD0328CF
:10CBE00070AD03283F420F0040420F0078AD03288C
:10CBF00074AD03287CAD032888ED00E0EFF31080CE
:10CC000072B6704780F310887047000038B5040092
:10CC1000082C10D3DFF86C511822DFF86C112800B3
:10CC2000FBF74EFA0020E875E820DFF86011086095
:10CC30000020FBF77DFADFF858016401204432BD83
:10CC4000DFF850311B6862F31F4361F30F03836009
:10CC50007047C0687047DFF840311B6862F31F43BC
:10CC600061F30F0303600068704710B54C4C10214E
:10CC70002000FBF7A7FA206810F07040B0F1204FB9
:10CC800001D1002008E0206810F07040B0F1704F32
:10CC900001D1012000E0022010BD38B50400FFF7EB
:10CCA000E4FF05002800C0B2022802D17FF07040E6
:10CCB0000DE0002C04D0200039491022F9F7FEF9CC
:10CCC000EDB2002D01D1002001E03548006832BDF1
:10CCD0003EB5344AD2E90045CDE90045ADF8021031
:10CCE000314908606846FAF749F90FF24101BDF988
:10CCF0000000FAF782F90220FFF788FF274A11683F
:10CD0000C1F30321002901D1002107E01168C1F31B
:10CD100003210E2901D1012100E00221002201237B
:10CD200013FA01F1FFF78CFF37BD000038B5002082
:10CD30000220FFF76BFF04002000FFF78AFF0500C9
:10CD400016490868C0F30320002801D1002007E03D
:10CD50000868C0F303200E2801D1012000E0022062
:10CD60002900C140C80705D50F490868002801D02F
:10CD7000086880472A00120CADB229002000FFF796
:10CD80006AFF31BDB8AB0328B0D40810A4AC0328A7
:10CD900000102240FCDC081000DD081000002040DC
:10CDA00040AC03288CDC0810A0AC0328010009B2B9
:10CDB000002908D4012210F01F018A404F4900B217
:10CDC000400941F820207047FEE780B54C480068D4
:10CDD0004C4801680800C00F002805D04A48890562
:10CDE000890D50F8210080470020FFF7DFFF01BDCB
:10CDF00080B546480068464801680800C00F002812
:10CE000005D041488905890D50F82100804701204F
:10CE1000FFF7CCFF01BD80B53E4800683E48016881
:10CE20000800C00F002805D037488905890D50F843
:10CE3000210080470220FFF7B9FF01BD80B53748C8
:10CE40000068374801680800C00F002805D02E4848
:10CE50008905890D50F8210080470320FFF7A6FFC0
:10CE600001BD80B52F4800682F4801680800C00F39
:10CE7000002805D024488905890D50F821008047F5
:10CE80000420FFF793FF01BD80B5284800682848BB
:10CE900001680800C00F002805D01B488905890DCE
:10CEA00050F8210080470520FFF780FF01BD80B5C5
:10CEB00020480068204801680800C00F002805D0FD
:10CEC00011488905890D50F8210080470620FFF799
:10CED0006DFF01BD80B51948006819480168080058
:10CEE000C00F002805D008488905890D50F8210099
:10CEF00080470720FFF75AFF01BD000080E200E0F5
:10CF0000A4DC08100001204044B80228A8DC081066
:10CF100004012040ACDC081008012040B0DC0810FF
:10CF20000C012040B4DC081010012040B8DC0810CF
:10CF300014012040BCDC081018012040C0DC08109F
:10CF40001C012040010009B2002909D4012210F07F
:10CF50001F018A40DFF8D01000B2400941F82020BC
:10CF60007047020012B2002A05D44901DFF8BC2044
:10CF700000B2115408E04901DFF8B42000B210F00B
:10CF80000F00104400F8041C7047DFF8A800016887
:10CF900051F0010101600168C907FCD470472648BF
:10CFA000016851F00101016070472448016851F0A7
:10CFB0000101016070471FB56846FFF76EFE00284B
:10CFC0000DD01F4C18221F492000FBF779F80020D4
:10CFD000E07549201C4908600020FBF7A9F80120F2
:10CFE0001A490870FFF7D1FF1FBD80B5C0B20128F4
:10CFF0000ED103211648FFF76BFE03210320FFF734
:10D00000B0FF0320FFF79EFF01201249087002E0E5
:10D01000002010490870FFF7C2FFFFF7C6FF01208C
:10D020000A49087001BD000000E100E000E400E0F2
:10D0300018ED00E00800244000F4244000F52440EE
:10D04000B8AB032808D40810A4AC0328C8AD032843
:10D05000B7CF0810C9AD032880B52E4800F060F89E
:10D06000F6F71CF90020F4F767FA00214FF6FF707D
:10D07000F4F77FFAF4F70CFF012301220021A0202E
:10D08000F6F749FB012301220021A120F6F743FB1B
:10D09000012301220021A220F6F73DFB01230122FA
:10D0A0000021A320F6F737FBFCF70CFBFEF724FE6C
:10D0B00000F044F8FEF736FEFEF74EFEFEF7DAFE0D
:10D0C000FEF7F0FEFEF761FEFEF777FEFEF78BFE41
:10D0D000FEF7B8FEFEF79DFE0320FDF7EFF842F2E3
:10D0E00010710020FEF702FA41F288310120FEF7AC
:10D0F000FDF940F6B8310220FEF7F8F906480021A4
:10D100000160064800210160FFF709FAFDF7FDFC08
:10D11000FCE700BF80B2E60E90AD0328E0AC032828
:10D1200080B505490860FFF7C1FCF6F71CFC00203C
:10D13000F7F718FD01BD000080AD032880B5002081
:10D14000FFF753FF01200149087001BDD8AD032846
:10D15000433A5C55736572735C6A74795C446573B9
:10D160006B746F705C6E617669676174696F6E2D48
:10D170006D61737465725C435954344242375F4C3D
:10D180006962726172792D6D61737465725C435965
:10D1900054344242375F4C6962726172792D6D611D
:10D1A000737465725C4578616D706C655C4D6F740D
:10D1B000686572626F6172645F44656D6F5C45346F
:10D1C0005F696D755C6C69627261726965735C73CD
:10D1D000646B5C747669696268346D5C7372635CFD
:10D1E00073797374656D5C73797374656D5F747650
:10D1F00069696268346D5F636D372E6300000000FB
:10D2000072B61D4908684FEA102000F00F000E2882
:10D2100008BF1A490D2808BF1949072808BF19492E
:10D22000082808BF1849086820F00B000860086843
:10D23000BFF34F8F154816490860BFF34F8F15494C
:10D24000086840F0070008601349086840F00700CC
:10D250000860BFF34F8FBFF36F8F00200021124A89
:10D26000E2E802016A45FBD10C4FB8470C4FB847C2
:10D270000C4FB847FEE70000000020400C002040A3
:10D280000C0420400C0820400C0C2040000008102A
:10D2900008ED00E090EF00E094EF00E0A9C808106E
:10D2A000A5DA0810D9DB081000FF0728FFFF0728C0
:10D2B000433A5C55736572735C6A74795C44657358
:10D2C0006B746F705C6E617669676174696F6E2DE7
:10D2D0006D61737465725C435954344242375F4CDC
:10D2E0006962726172792D6D61737465725C435904
:10D2F00054344242375F4C6962726172792D6D61BC
:10D30000737465725C4578616D706C655C4D6F74AB
:10D31000686572626F6172645F44656D6F5C45340D
:10D320005F696D755C6C69627261726965735C736B
:10D33000646B5C747669696268346D5C7372635C9B
:10D34000647269766572735C737973636C6B5C632A
:10D35000795F737973636C6B2E680000433A5C5598
:10D36000736572735C6A74795C4465736B746F7017
:10D370005C6E617669676174696F6E2D6D6173743F
:10D3800065725C435954344242375F4C6962726142
:10D3900072792D6D61737465725C435954344242E5
:10D3A000375F4C6962726172792D6D617374657259
:10D3B0005C4578616D706C655C4D6F746865726218
:10D3C0006F6172645F44656D6F5C45345F696D7554
:10D3D0005C6C69627261726965735C73646B5C74C6
:10D3E0007669696268346D5C7372635C64726976D5
:10D3F0006572735C737973636C6B5C63795F73796B
:10D4000073636C6B2E630000433A5C5573657273F3
:10D410005C6A74795C4465736B746F705C6E617682
:10D4200069676174696F6E2D6D61737465725C43B9
:10D430005954344242375F4C6962726172792D6D82
:10D4400061737465725C435954344242375F4C696E
:10D4500062726172792D6D61737465725C45786179
:10D460006D706C655C4D6F74686572626F6172643B
:10D470005F44656D6F5C45345F696D755C6C6962B6
:10D480007261726965735C73646B5C636F6D6D6F01
:10D490006E5C7372635C6D775C666C6173685C6311
:10D4A000795F6D775F666C6173682E6300000000C2
:10D4B000433A5C55736572735C6A74795C44657356
:10D4C0006B746F705C6E617669676174696F6E2DE5
:10D4D0006D61737465725C435954344242375F4CDA
:10D4E0006962726172792D6D61737465725C435902
:10D4F00054344242375F4C6962726172792D6D61BA
:10D50000737465725C4578616D706C655C4D6F74A9
:10D51000686572626F6172645F44656D6F5C45340B
:10D520005F696D755C6C69627261726965735C7369
:10D53000646B5C636F6D6D6F6E5C7372635C647261
:10D5400069766572735C6970635C63795F69706347
:10D550005F6472762E680000433A5C55736572739F
:10D560005C6A74795C4465736B746F705C6E617631
:10D5700069676174696F6E2D6D61737465725C4368
:10D580005954344242375F4C6962726172792D6D31
:10D5900061737465725C435954344242375F4C691D
:10D5A00062726172792D6D61737465725C45786128
:10D5B0006D706C655C4D6F74686572626F617264EA
:10D5C0005F44656D6F5C45345F696D755C6C696265
:10D5D0007261726965735C7A665F636F6D6D6F6EA1
:10D5E0005C7A665F636F6D6D6F6E5F66756E637498
:10D5F000696F6E2E63000000433A5C557365727369
:10D600005C6A74795C4465736B746F705C6E617690
:10D6100069676174696F6E2D6D61737465725C43C7
:10D620005954344242375F4C6962726172792D6D90
:10D6300061737465725C435954344242375F4C697C
:10D6400062726172792D6D61737465725C45786187
:10D650006D706C655C4D6F74686572626F61726449
:10D660005F44656D6F5C45345F696D755C6C6962C4
:10D670007261726965735C7A665F64657669636519
:10D680005C7A665F6465766963655F696D75363679
:10D690003072632E63000000433A5C557365727309
:10D6A0005C6A74795C4465736B746F705C6E6176F0
:10D6B00069676174696F6E2D6D61737465725C4327
:10D6C0005954344242375F4C6962726172792D6DF0
:10D6D00061737465725C435954344242375F4C69DC
:10D6E00062726172792D6D61737465725C457861E7
:10D6F0006D706C655C4D6F74686572626F617264A9
:10D700005F44656D6F5C45345F696D755C6C696223
:10D710007261726965735C7A665F6472697665725C
:10D720005C7A665F6472697665725F736F66745F58
:10D730006969632E63000000433A5C557365727338
:10D740005C6A74795C4465736B746F705C6E61764F
:10D7500069676174696F6E2D6D61737465725C4386
:10D760005954344242375F4C6962726172792D6D4F
:10D7700061737465725C435954344242375F4C693B
:10D7800062726172792D6D61737465725C45786146
:10D790006D706C655C4D6F74686572626F61726408
:10D7A0005F44656D6F5C45345F696D755C6C696283
:10D7B0007261726965735C7A665F636F6D6D6F6EBF
:10D7C0005C7A665F636F6D6D6F6E5F6669666F2E04
:10D7D00063000000433A5C55736572735C6A747948
:10D7E0005C4465736B746F705C6E617669676174BD
:10D7F000696F6E2D6D61737465725C435954344268
:10D8000042375F4C6962726172792D6D6173746524
:10D81000725C435954344242375F4C6962726172A0
:10D82000792D6D61737465725C4578616D706C659E
:10D830005C4D6F74686572626F6172645F44656DA0
:10D840006F5C45345F696D755C6C696272617269A9
:10D8500065735C7A665F6465766963655C7A665F4A
:10D860006465766963655F7466743138302E630071
:10D87000433A5C55736572735C6A74795C44657392
:10D880006B746F705C6E617669676174696F6E2D21
:10D890006D61737465725C435954344242375F4C16
:10D8A0006962726172792D6D61737465725C43593E
:10D8B00054344242375F4C6962726172792D6D61F6
:10D8C000737465725C4578616D706C655C4D6F74E6
:10D8D000686572626F6172645F44656D6F5C453448
:10D8E0005F696D755C6C69627261726965735C7A9F
:10D8F000665F6472697665725C7A665F6472697687
:10D9000065725F70776D2E6300000000433A5C55CE
:10D91000736572735C6A74795C4465736B746F7061
:10D920005C6E617669676174696F6E2D6D61737489
:10D9300065725C435954344242375F4C696272618C
:10D9400072792D6D61737465725C4359543442422F
:10D95000375F4C6962726172792D6D6173746572A3
:10D960005C4578616D706C655C4D6F746865726262
:10D970006F6172645F44656D6F5C45345F696D759E
:10D980005C6C69627261726965735C7A665F64720D
:10D99000697665725C7A665F6472697665725F73D8
:10D9A00070692E6300000000433A5C557365727322
:10D9B0005C6A74795C4465736B746F705C6E6176DD
:10D9C00069676174696F6E2D6D61737465725C4314
:10D9D0005954344242375F4C6962726172792D6DDD
:10D9E00061737465725C435954344242375F4C69C9
:10D9F00062726172792D6D61737465725C457861D4
:10DA00006D706C655C4D6F74686572626F61726495
:10DA10005F44656D6F5C45345F696D755C6C696210
:10DA20007261726965735C7A665F64726976657249
:10DA30005C7A665F6472697665725F756172742E76
:10DA40006300000030B4002512E050F8042BD30727
:10DA500044BF4A44521E091F042942F8045BFAD20B
:10DA600013468C0744BF15809B1CC90748BF1D7017
:10DA700050F8041B0029E8D130BC704700000000BA
:10DA800001000000020090010300320004000000C9
:10DA9000050000000600000007000000080020004C
:10DAA0000900000010B5074979441831064C7C4440
:10DAB000163404E00A68081D114488470146A14253
:10DAC000F8D110BD2C000000480000004EF688512F
:10DAD000CEF20001086840F470000860BFF34F8F79
:10DAE000BFF36F8F4FF00170E1EE100A7047000036
:10DAF00055FFFFFF08ED0000D4C002280000000021
:10DB00001B58FFFF7A0200008402000044B802287C
:10DB100004207146084202D0EFF3098001E0EFF3E0
:10DB2000088000B50149884700BD00003581081014
:10DB3000801C800803D0401C801EFCD100BF7047B1
:10DB4000EFF3108072B6704780F3108870470000C2
:10DB500000F00EF8002801D0FFF7A4FFAFF300801B
:10DB60000020AFF30080FFF777FA00F003F8000021
:10DB70000020704700F000B807463846F9F76AFA07
:10DB8000FBE700000D0A66696C65202573206C694F
:10DB90006E652025643A2025732E0D0A00000000D2
:10DBA000696D7536363072632073656C6620636804
:10DBB00065636B206572726F722E000004207146DF
:10DBC000084201D0EFF30980EFF3088000B5014966
:10DBD000884700BD81DC08100548014603B468464B
:10DBE00080F30988AFF30080FFF770FFFFF7B0FF05
:10DBF000A5EDF5FE00000228FFFF07280000002029
:10DC0000FF3F002000000000FF3F000000127A00EC
:10DC1000000000000024F4000080000000800000EC
:10DC2000008000000D0A66696C65202573206C6910
:10DC30006E652025642E0D0A0000000066696C6583
:10DC40003A206D646B2F25730000000041737365EB
:10DC50007274206572726F720000000066696C65F4
:10DC60003A202573000000006C696E653A20256437
:10DC7000000000004C6F67206D657373616765007D
:10DC8000816911F8021CC9B20160704702000000EE
:10DC90000100000003010000101100107461736B9B
:10DCA0000000000000000000000000000000000074
:10DCB0000000000000000000000000000000000064
:10DCC0000000000000000000000000000000000054
:10DCD0000000000000000000000000000000000044
:10DCE0000000000000000000000000000000000034
:10DCF0000000000000000000000000000000000024
:10DD00000000000000000000000000000000000013
:10DD10000000000000000000000000000000000003
:10DD200000000000000000000000000000000000F3
:10DD30000000000000000000000000005049440006
:10DD4000FFF7FEBFFFF7E4BEFFF7E2BEFFF7E0BE5E
:10DD5000FFF7FEBFFFF7FEBFFFF7FEBFFFF7FEBFF7
:10DD6000FFF7FEBFFFF7FEBFFFF7FEBFFFF7FEBFE7
:10DD7000FFF7FEBFFFF7FEBFFFF7FEBF7047F002E1
:10DD8000FFC9CD081004F1FF04F1FF04F1FF04F115
:10DD9000FF04F1FF04F17704100744B80228A73606
:10DDA00008100001F00213010101000C2006000020
:10DDB00034429A9993410A20029CDC081004533C97
:10DDC000DD20420004600270BF02280C4301000104
:10DDD00012741492021421047001C4AC0328211C93
:10DDE00012C010222D623006030000080700007DDB
:10DDF00058100290400010041006209040EDB20828
:10DE000010EF0412FF0410030FB3081011041213D3
:10DE100004121504122704122904122B04122D04D3
:10DE2000122F041231041233041245041247041253
:10DE30004904124B04124D04124F041251041253A0
:10DE40000412550412570413C1AE0C1006AF08108B
:10DE500005B108108104128B04129504129F04125C
:10DE6000A90412B30412BD0412C70412D10412DBB8
:10DE70000412E50412EF041005000067400000687A
:10DE80000412690410016640FD14120FA812250443
:10DE900012370412410412D90412E30410010000E5
:10DEA0006024126504126404126304436240401249
:10DEB00066E81407A000800000F8FFFF776F0206F5
:10DEC0000000000000000000000000000000000052
:10DED0000000000000000000000000000000000042
:10DEE0000000000000000000000000000000000032
:10DEF0000000000000000000000000000000000022
:10DF00000000000000000000000000000000000011
:10DF10000000000000000000000000000000000001
:09DF2000000000000000000000F8
:040000051008DBD92B
:00000001FF
